"entity_type","bundle",deleted,entity_id,revision_id,"language",delta,"field_target_audience_notes_value","field_target_audience_notes_format"
"node","book",0,1960,1960,"und",0,"\"aufgeklärtes ... christliches Publikum\", S. XXIX","filtered_html"
"node","book",0,1980,1980,"und",0,"Direkte Anrede der Anwesenden in der Synagoge","filtered_html"
"node","book",0,1981,1981,"und",0,"בהקדמתו למהדורה הגרמנית כותב וייזל:
\"So erscheint nunmehr die Moseide im geehrten und grossen Publikum; erscheint unter allen verschiedenen Religionsverwandten, unter allen Klassen von denkenden Köpfen, unter religiösen Menschen sowohl, als unter denjenigen, die nur ihren eigenen Vernunftschlüssen anhänglich sind, so, daß das Werk Lob und Tadel ausgesezt sein wird. Nicht als Philosoph will ich in diesem Werke erscheinen, sondern als Dichter, als Israelit und als wahrer Menschenfreund. Bei allen dem verspreche ich mir, daß, so verschieden auch die Menschen im Denken sein mögen, dennoch jeder Leser, er sei von welcher Denkart er wolle, hie und da Stellen antreffen kann, die ihm seiner Aufmerksamkeit werth zu sein scheinen werden.\"","filtered_html"
"node","book",0,1994,1994,"und",0,"an Juden gewandt: S. 56-66","filtered_html"
"node","book",0,1995,1995,"und",0,"אין אמירה ברורה מצד המחבר/ים לגבי קהלה יעד, אך מן השימוש הדו-לשוני וההפנייה לקהילת ברסלאו וגם למלך יש להניח כי קהל היעד היה יהודי ולא-יהודי גם יחד","filtered_html"
"node","book",0,2000,2000,"und",0,"הספר נראה מופנה לקהל יהודי, אך ייתכן כי היה מיועד גם לקהל לא יהודי.","filtered_html"
"node","book",0,2002,2002,"und",0,"הספר פונה בעיקר אל קהל לא יהודי. כדברי לוי, היוזמה לספר באה לאחר שנשאל ע\"י \"איש שמתעניין בשפה זו\" [דהיינו, יידיש-דויטש] כיצד ייתכן שלא רבים מכירים אותה (לעומת אלה שלומדים עברית, ערבית ושפות \"מזרחיות\" אחרות), וכי אין כמעט בנמצא ספר הדרכה או דקדוק על שפה זו.

מרבית החותמים מראש הינם (כפי הנראה) לא יהודים.","filtered_html"
"node","book",0,2008,2008,"und",0,"לווה וולפסון פונים בבירור (לפחות בין היתר) אל קהל לא יהודי. למשל, בהקדמתם הם מסבירים בהערת שוליים מהו השימוש שעושים היום היהודים בספר ירמיהו (בתפילה).
בקרב הקהל הלא יהודי, הפניה היא בעיקר למלומדים והבראיסטים. המתרגמים מתמודדים עם דעות ותרגומים של מלומדים נוצרים, חיים כמתים. הם מזכירים את הרדר ומיכאליס, בין היתר.","filtered_html"
"node","book",0,2015,2015,"und",0,"פונה אל היהודים: \"שמעוני בני עמי\".

מוזכר לשבח בנו של המלך שמת, העולה לכתר.","filtered_html"
"node","book",0,2017,2017,"und",0,"ראו על היעד של המקראה להוות פרוטוטיפ למקראות לילדים יהודים אצל שביט, זהר. 1993. \" 'הריהוט של חדר ההשכלה היהודית בברלין' - ניתוח המיקראה המודרנית הראשונה לילדים יהודים\". בתוך: כמנהג אשכנז ופולין ספר יובל לחנא שמרוק. (עורכים) ישראל ברטל, חוה טורניאנסקי ועזרא מנדלסון. ירושלים: מרכז זלמן שזר לתולדות ישראל, 207.","filtered_html"
"node","book",0,2018,2018,"und",0,"המחבר מבקש לקדם חוק שיתמוך בטיפול עניי הקהילה היהודית, בעקבות התכתבותו עם 
Patrick Colquhoun.


בהקדמתו כותב: 

Although these Letters were not originally intended for publication, yet now that a Petition lies before the House of Commons for the purposes stated in them, it is thought expedient that the Public should be in possession of those important facts, which, by evincing their necessity, have given rise to the Propositions they contain.","filtered_html"
"node","book",0,2026,2026,"und",0,"הספר מיועד, בין היתר, להורי תלמידי בית הספר ולהוריהם של תלמידים פוטנציאלים.","filtered_html"
"node","book",0,2031,2031,"und",0,"החיבור מיועד למספר קהלי יעד:
המחבר פונה ישירות לשליט - בנוסף להקדשה ישנו קטע נוסף:

Durchlauchtigster Fürst, Gnädigster Fürst und Herr!

המחבר פונה גם ישירות לקוראים אחרים (דברים המיועדים גם לשליט):

Nun auch ein Paar Worte an dich, Günstiger Leser!
Bevor ich Dir einen einzigen Ton des folgenden Gedichtes angeben kann, muß ich Dich den silbernen Harfenklang der Durchlauchtigsten erhabnen Stimme, unsers huldreichsten Fürsten hören lassen, mit der Sr. Durchlaucht uns, Judas Stamm so hoch begnadiget…

ומצטט דברי ברכה ששלח השליט אל נתיניו היהודים.
אחרי דברי השירה ישנו נספח המיועד ל-

Wißbegierige und aufmerksame Leser! Besonders aber Forscher und Kundige der Hebräischen Sprache!

קהל שעשוי לכלול הבראיסטים, לא יהודים.","filtered_html"
"node","book",0,2048,2048,"und",0,"בהקדמתו מדבר מימון ישירות אל \"קוראיו\".","filtered_html"
"node","book",0,2053,2053,"und",0,"פותח במילים: Theure Mitbrüder!

פונה אל אחיו היהודים, לרגל צו מלכותי להקים קונסיסטוריה יהודית בווסטפלן.","filtered_html"
"node","book",0,2056,2056,"und",0,"הטקסט הינו נאום הספד שנישא בפני חברי הקהילה היהודית.
אין פניה מפורשת בספר (שאף איננו כולל הקדמה), אך בתוך הטקסט, שנכתב כנאום, ישנה מדי פעם פניה ל\"אחי וריעי\" (ובתרגום לגרמנית:
Lieben Brüder
משתי הפסקאות שחותמות את הספר (הפונות ישירות אל המלך החדש), ניתן להסיק כי אולי נאום זה היה מיועד בעיקר אל המלך החדש, וייתכן כי היה זה נסיון \"להטיף לו מוסר\", ולהדגיש בפניו אילו תכונות ראוי שיגלה כמלך ומושל.","filtered_html"
"node","book",0,2061,2061,"und",0,"את ספרו מקדיש דוידסון אל השליט וברור שפונה אליו בחיבורו. הוא גם פונה אל הקהל הלא יהודי הרחב. אך דומה כי גם אל היהודים, בתקווה לתקנם. הוא מדבר כביכול בשם 'היהודים' - בלשון 'אנחנו'.","filtered_html"
"node","book",0,2069,2069,"und",0,"בסוף החיבור:

\"Euch aber, weise Vater des Volks! die Ihr nach allen Kräften Euch bemühet, den Ruhm der Nation wieder zu erwecken, und Tugend und Wissenschaften unter sie auszubreiten; Euer Name wird unvergeßlich seyn in dem Volke. Eine zahlreiche und glückliche Nachkommenschaft wird Euer andenken segnen; man wird Euch die Wiederhersteller der Ehre Israels nennen…\"","filtered_html"
"node","book",0,2077,2077,"und",0,"בעמ' [3] של ההקדמה: \"אין נבון וחכם כמוך קורא נעים! ישאל מה תועלת וחפץ יש באגרות האלה אשר אנכי נותן לפניכם היום? ... [4] מההערות שעשיתי להן, מבקש אני מהקורא הנעים! שיסלח על כמותן הגדולה ואיכותן הקטנה...\"
[5] \"אם אתם אחי ורעי ורבותי! תדעו דבר עוד לפאר ולהקדיש כרס הזה, ביתר שאת ויתר עז, כי העטלף לא יראה, מה שיראה הנשר! נא אל תכחדו ממני מאומה, טרם החלי המחברת השנית לטובה ולמלאות רצונכם יהיה עלי חובה\".","filtered_html"
"node","book",0,2079,2079,"und",0,"הרבנים החתומים על ההסכמה מצביעים כי הספר ראוי לקריאה לא רק ל<ins>בעלי בתים</ins> אלא אף ל<ins>תלמידי חכמים</ins>, לשעות הפנאי:
\"לחכם ונבון ר' אברהם פריצול בו ידיעות מתחלקות בחלקי הארציי ובאקלימים בו ידיעות רבות טובות ואהובות ויהיו למשיבת נפש לבעלי הבתים בכל עתים עוסקים במלאכתן וקורין  וגם לומדי תורה בעת שהמה בטלין ממלאכתן מלאכת מחשבת דאורייתא ימצאו מרגוע בהני מילי מעלייתא...\"

המביא לדפוס, במודעה אפולוגטית בראשית הספר (\"מודעא רבה\"), פונה \"<ins>לקורא משכיל</ins> להתבונן בספרי האלה שאם ימצאו איזה תלונות על האומות כוונות הכותבים רק על אומות רחוקות אשר אינם מאמינים מציאות הבורא יתברך והמה נקראים עכו\"ם עובדי כוכבים ומזלות ולרוב פניהם שחורים... וכל המבחין בין טוב לרע יבחון שאומות הנוצרים אשר אנחנו חוסים בצלם חייבנו להחזיק טובתם ומי שלא יכיר החסדים אשר גמלו עמנו נקר[__] כפוי טובה. ובפרט המלכות והשרים הנותנים לנו מושבות ומחי[_] בארצותם. ופותחים לנו שערי חכמה ומדע ללמוד שם...\"

המביא לדפוס מציג בהקדמתו מניע שהביא אותו לפרסם מחדש את הספר ארחות עולם מאת פריצול: הספר, החשוב לדעתו, לא נמצא בבתים יהודים ויש רק עותק \"אשר נכתב בלשון הקדש ובלשון לטיין עומד בגנזי הספרים פה בארמון הגדול קייזרליכה קיניגליכה ביבליאטעק\".

במבוא הקצר לספר השלישי המובא כאן, מתואר כיצד צריך הקורא לגשת לקריאת החיבור (אך נראה כי לא לנדא הוא שחיבר מבוא זה - ראו הערה בתוך הלשונית הרלבנטית \"מהדורה חדשה\"). ראו דף עח בספר.","filtered_html"
"node","book",0,2082,2082,"und",0,"בדברי ההקדמה הקצרים מדגיש דובנא כי כוונתו בעריכת הספר ובהדפסתו היתה, בין היתר, המשכילית ובידורית: הוא כותב שהספר יביא תועלת לא רק \"לכל הרוצה ללקבוע דירתו שם, וידע עד כמה תכבד עליו העבודה להכין לו צידה לדרך כמבואר בהקדמת המחבר\", כי אם גם \"תועלת גדול לטרודי הפרנסה יגיעי כח למצוא מרגוע לנפשם בעת נוחם ממלאכתם ו<strong>ימצאו בו קורת רוח ותענוגי נפלא בהוודע להם חידושים רבים</strong> אשר לא ידעו תמול שלשום בהצרף להם לשון הצח והמצוחצח אשר בו על כן קורא בו יחיל טובו ויתענג בו ורחב לבו\".","filtered_html"
"node","book",0,2089,2089,"und",0,"מנדלסון כותב כי הכוונה בהדפסת הספר היתה \"לתועלת התלמידים, אשר חלק להם לאוה בבינת משל ומליצה.\" ממטרות הספר: \"להרחיק את לב ילדי בית ישראל מעל התרגומים אשר הסתפקו בהם עד עתה\".
בסוף החיבור/הקדמה, מבקש מנדלסון מן הקוראים \"שאם מצאו בספרי החומש אשר יצאו כבר מבית הדפוס איזה טעות המדפיס או שגיאות הכותב או מקום ספק הצריך באור להודיע לי חיש מהר בעוד ידי נטויה על המלאכה למען אוכל לתקן את המעוות... בחנוני נא כזאת אנשי האמת! שימו כה נגד כל בית ישראל ויוכיחו בינינו אם לא אודה לדברי חן ושכל ואקבל האמת בשמחה ממי שאמרו\".","filtered_html"
"node","book",0,2098,2098,"und",0,"הרב פונה לכל אורך הטקסט אל \"אחי וריעי\".","filtered_html"
"node","book",0,2099,2099,"und",0,"בחיבור הזה, שבא בעקבות התקפות על מחבר הספר מצפה יקתאל ובית הדפוס שהדפיסו, מבקש המחבר מן הקורא: \"אתה הקורא בוא וראה מה בין תקיפי ברלין, לפרנסי ומנהיגי ודייני אלטונא...\". לדבריו, נאלץ להגיב להתקפות נגדו, \"פן יש באנשים הקוראים לתומם את כל דברי ריבות האלה אשר יעלה על לבבם עלי מחשבה הזאת כי יצאתי להבזות רבני הדור וגדולי ישראל ולתתם לשמצה\".","filtered_html"
"node","book",0,2101,2101,"und",0,"כפי שמציינת ההפניה בראש הטקסט: אל הורי התלמידים בביה\"ס היהודי בברסלאו. פניה מפורשת גם לאם, אשר נמצאת יותר בקרבת הילד ולה תפקיד חשוב בחינוכו.","filtered_html"
"node","book",0,2105,2105,"und",0,"הקלירי מברך שני נדבנים אשר תרמו מכספם להדפסת הספר, וכך \"לזכות את החכמים\".","filtered_html"
"node","book",0,2109,2109,"und",0,"<p>בעמודה 18: \"ונפשי יודעת מאד שחיבור הלזה לא יהיה רצוי בלתי לאנשי אמת המשכילים והשרידים... וריקי המוח בחנפי לעג יאמרו רע עלינו המעשה פליאה ונשגבה ולא נוכל לה, ובעלי שטנה ברבת המשטמה יריבו עלי...\" בעמודה 35: \"עתה יצאנו להשכילך בינה קורא המשכיל פקח עיניך, וראה...\" בעמודה 43: \"הנה ערכנו לפני קורא המשכיל...\" בעמודה 48: \"אתה קורא המשכיל פתח עיניך ויאירו לך דבר השכל ומשפט הנפש חקרנוה... דע לך, השכל הוא מורכב מחומר הדק והזך מאד...והוא עליון לשכל המדברת...\" בעמודה 67 פונה, שוב, אל ה\"קורא המשכיל\".</p>
","filtered_html"
"node","book",0,2113,2113,"und",0,"ייתכן כי הברכה היתה מיועדת קהל מצומצם ביותר - פרנסי הקהילה ומנהיגיה - או לקהל רחב יותר - כדי להלל את מעשיהם של האישים, הזוכים לתשבוחות.","filtered_html"
"node","book",0,2116,2116,"und",0,"הפנייה לנשים עולה, בין היתר, מכך שהספר מוקדש לשתי נשים - אמו וחמתו של המתרגם.","filtered_html"
"node","book",0,2119,2119,"und",0,"לקראת סוף הקדמתו כותב וייזל (עמ' כ/ב): \"מן הבאורים שהצגנו בפתיחתנו זאת... יבין כל מי שיבוא מחברתי זאת לידו מה כונתינו ומגמתינו בחיבור הספרים האלו וידעתי כי מי שחנן אותו אלהים לב טוב וחפץ אל היושר לא יהיה נבהל להשיב על דברינוו ואין צריך לומר שלא יתאמץ להטיל עליהן דופי וגנאי אבל ישמח בהשתדלותינו הנמרץ ועל הפרושים שייטיבו בעיניו יברכנו ואשר לא ייטיבו בעיניו מ\"מ יהלל הכונות הרצויות שנתכווננו במלאכתנו זאת כי כדאי הן לעורר לבות החכמים ומבקשי האמת להוסיף אומץ ולהרחיב הדברים כפי רוחב דעתם ולטהר המעט אשר בארנו מכל שגיאה אם שגיתי ולתקן המעוות אם עויתי...\"","filtered_html"
"node","book",0,2120,2120,"und",0,"בפתיחת הקדמתו: \"וידעתי גם אני כי כמקרה אשר קרה לכלל הספרים אשר חוברו מלפנים יקרה גם לספר הזה. עדן לא חובר ספר אשר מצא חן בעיני ההמון כלו... גם אם תהיינה כל דברי ספרו אמת ויסודותיו אמונה ומחקריו הולכים מישרים הנה תהיה מלאכתו בזויה בעיני בוזי אמת... וכן לא ינצל מכת האוילים בוזי חכמה... וכן לא ינצל מלעגת הלצים ומדברי הכסילים... וכן לא ינצל מכת המקנאים ומטילים דופי על דבריו מחמת קנאה או שנאה ואפילו משפת אנשים טובים לא ינצל שלא יחלקו על דבריו בעבור אחד מן הטעמים הנ\"ל אלא לפי שאינן מורגלים בלמודים כאלה ואינן מתקבלים על דעתם כי אין אדם לומד אלא מה שלבו חפץ בו. וכן כל כיוצא בזה מן הכתות השולחים יד בספרי המחברים יהיה מי שיהיה ומי שכונתו רצויה לא ישת לב לדבריהם...\"","filtered_html"
"node","book",0,2121,2121,"und",0,"פנייה ליהודי אלטונה והמבורג במיוחד","filtered_html"
"node","book",0,2125,2125,"und",0,"וייזל פונה אל \"אחי ורבותי\" בעקבות כתב הסובלנות של יוזף השני, אשר \"צוה ליהודים להקים מדרשות ללמד בהן ילדי ישראל את הלשון האשכנזי על בוריה\" (כדברי וייזל), ועודד אותם \"ליסד מדרשות ולתקן כל התיקונים הצריכין לענין זה\" (עמ' [30], פרק ח').
לאחר שהוא מחלק עצות מעשיות, כותב וייזל: \"ועוד יש כמה דברים וענינם שצריכין <ins>אנשים כמוכם</ins> להשגיח עליהן, אך ידעתי שתשגיחו על הכל בבינת לבבכם, ואולם האגרת הזאת היוצאת ראשונה, איננה רק מזכרת אהבה וחבה, <ins>בעבור מקצת מן ההמון שאינן מבינים עיקרי הדברים</ins> לשפוט מה הוא טוב באמת ומהו רע כפי האמת, ללמדם ולהורותם תכלית המעשים האלו שגזר עליהן המושל החכם הקיסר יר\"ה, ולהודיעם שהוא לטוב להם ולבניהם לעולם, הן להצלחה הזמנית, הן להצלחה הנצחית, אבל <ins>לא כתבתיו לחכמים ולנבונים הנמצאים בכס המבינים מדעתם</ins> יותר מאשר אוכל להודיעם.
ועתה <ins>אחי ורבותי ראשי הדור הזה וקציניו</ins>, אם אתם תמלאו את ידכם לתקן הדבר על אופניו כמצות המושל הטוב יר\"ה, תתנו עליכם ברכה...\" (עמ' [33], פרק ח')","filtered_html"
"node","book",0,2126,2126,"und",0,"חיבור זה מופנה כתשובה אל <ins>ראשי קהילת טרייסט</ins>, כתגובה כביכול למכתב תמיכה ששלחו לו בעקבות הפולמוס סביב <ins>דברי שלום ואמת</ins> (כך בכותרת הספר ובסופו). בתוך הספר הוא פונה אל \"אחי ורבותי הקהל הקדוש שבטריעסט\" (עמ' [27]).

אך החיבור גם מהווה תשובה (ואתגר) אל אותם <ins>רבנים שיצאו נגדו</ins>: \"אם יש בפיהם דבר, יבואו ויגידו, יכתבו דבריהם על ספר, יחוקו בעט ברזל ונוכחה יחדיו, מאהבת אחים... אהה! אחר שחשדתם אותי בכך, שאני מיסב לב ישראל אחור מן התורה, להוליכם בתהו לא דרך, היה לכם לחמול על בית ישראל, ללמד אותם דעת, שלא יכשלו במכשלה הזאת, ולהודיעם יתרון חכמת התורה על חכמות למודיות וטבעיות, שלא ילכדו ברשת הטמון להם. אך זאת לא עשיתם, אין עונה מכם דבר, העתיקו מכם מלין, לכן אדברה אני. לכו בנים שמעו לי, יראת ה' אלמדכם, האזינו דברי ותחי נפשיכם.\" (עמ' [15- 16])

ולקראת סוף הספר מאתגר באופן ישיר ומציב בפניהם <ins>אולטמטום</ins> (דברים אלה נכתבו באותיות בולטות, השונות משאר הטקסט): \"הנני משביע באלהי ישראל, לאותן שלשה רבני עמי, ששפכו עלי דברי איבה ודברי חמה, שיגידו ויתנו עידיהן במכתב ובדפוס, מה רעה או פשע מצאו במכתבנו דברי שלום ואמת? ומה הניא לבבם לחלל את כבודי בבתי כנסיות ובמקהלות ישראל... כי עד הנה לא שמענו מהם בענין זה דברי דעת ולא טענות אנשים, זולתי קול ענות ודברי נאצה. ואני איחל לזה מועד שלשה חדשים המתחילים מהיום, וכי יבואו דבריהם, ישפטו כל בית ישראל הדין עם מיחיבור זה מופנה כתשובה אל ראשי קהילת טרייסט, כתגובה כביכול למכתב תמיכה ששלחו לו בעקבות הפולמוס סביב דברי שלום ואמת (כך בכותרת הספר ובסופו). בתוך הספר הוא פונה אל \"אחי ורבותי הקהל הקדוש שבטריעסט\" (עמ' [27]).","filtered_html"
"node","book",0,2128,2128,"und",0,"בדברי הפתיחה לספר פונה וייזל אל \"מורי ואחי\" (\"שמעוני עוד מורי ואחי\") ומרמז על קהל היעד שלו בספר זה: \"אילו היה מגמתי לבד להצדיק את נפשי, ולהראות כי רבים אתי מחכמי ישראל, לא הייתי צריך להוסיף עוד דבר על המדובר במכתב השלישי [עין משפט]... אבל לפי שלא על הפרט הזה לבדו יצאתי, אלא בעבור הכלל כלו, ליישר לפניהם המסלה בסדר למוד תורתנו הקדושה, ובדרכי גדול הבנים, להודיעם אשר מצאה נפשי באלה...\" (עמ' ב/2)
ובהמשך: \"...פרט אחר המחייבני להוציא גם המכתב הזה לאור. וזהו הדרשה הידועה שדרש רב אחד עלי ועל מכתבי...וחובה עלי להשיב על דבריו ולהסיר מעלי את תלונותיו.\" (עמ' ג/1)","filtered_html"
"node","book",0,2131,2131,"und",0,"בהקדמת הספר הראשון \"אמר המחבר\", מבכה לוונשטם את שכחת השפה העברית ופונה אל קוראיו: \"<ins>אוי לך, עבד ישראל!</ins>... אוי לגבר כי לא יכין דבר כן, ולא יבין שפת מלכו ואדונו. מי יגיד לנו עתה תעלומות חכמה, מי יפתח לנו שערי בינה, מי יגלה לנו מטמונו? <ins>בת יעקב! שאי סביב עיניך וראי</ins> כמה שמות ישנם אתנו, והמה בכתובים, נראים אחדים, והנם תאומים: <ins>ואת, התדעי</ins> הבדליהן ומחלקות כל שרש על מקורו ועל מכונו? <ins>בתולת בת ציון</ins>! הטרם תדעי כי לשוננו הקדושה כמו בית בנויה, שרשיה ימלאו חדרים... צאי לך בעקבי צאן ישראל הנדחה ובקשי ברחובות, אן תמצאי דורש לשון עבריה למען השיבה על כנה, ואיה האיש השב על אשמתו ושגיונו? הלא חצי העם מדברים לשון צרפת וחצי העם מלהגים שפת ספרד, ולשון הזהב יבז כל איש בזדונו. הלא בני הכושים, זה העם לא היה, גם יושבי אהלי אדום וישמעאל, ההחליפו את לשונם? ... ואתה מה לך ישראל, כי תגרע שיחה לפני אל אשר נתן לך לשון למודים, מיום היותך לעם קדוש...\"","filtered_html"
"node","book",0,2134,2134,"und",0,"<p>בהקדמתו מסביר פיליפסון כי הוויתור על חלקים שהיו במהדורה הראשונה של הספר (הטקסט המקורי בעברית והביאור) תורמים להפיכת המהדורה הנוכחית למתאימה יותר לנשים. (נג)</p>
","filtered_html"
"node","book",0,2137,2137,"und",0,"קהל היעד העיקרי על פי וייזל, שכתב המלצה לספר: 'אנשי מחקר' שהתרחקו מן הדת. אמנם יקראו בו גם משכילים שאמונתם איתנה: \"מקצת בני אדם יראי ה' אוהבי המחקר, אשר שקלו על מאזני דעתם כל דברי תהפוכות ודברי און אשר מעולם, ושמו בה' מבטחם... לא יזיקום דברי הספרים שכתבו אנשי אמונה, שבכל מחקריהם דבקה נפשם אחרי ה' ואחר דבר קדשו, ומשען להם יהיו, בראותם כי כלבבם כן לב המחבר\".
וייתכן שיקראו בו גם \"מקצת בני אדם שכפי דרכם הם שונאי המחקר וההתבוננות באמונות ובדעות לא נסו ללכת באלה\", אך הם \"לא יבינום\".
אולם קהל היעד העיקרי (ע\"פ וייזל) הוא אחר: \"לאנשי מחקר אשר נזורו אחור, ומה' יסור לבם, אולי ייטיבו ספרים כאלה, אם יראו כי מחשבות און שגרמו להם להפיל אמת ארצה, כתובים על ספרים שחברו גדולים חקרי לב, ובכל זאת מחבריהם לא משו מיראה וחכמה. אז ערער יתערער לבם, ויבושו מגאותם, ויאמרו אולי מבטחנו שוא, ועצת שכלנו נשענו עליה הבל, ויעזבו דרכם וישובו אל ה'.\"
וייזל מוסיף בסוף המלצתו: \"כללו של דבר כל הנכנס לחקור חקירות כאלה צריך שתהיה אמונתו קודמת למחקריו, ואם אין זאת גם אם לא יקרא בספרי המחקר המכשלה קרובה אליו...\".

לפי בן זאב בהקדמתו: את תוצאות העיון המעמיק בספר \"חקקתי על ספר לזכרון לי ו<ins>לאנשים בגילי</ins>... לא עשיתי זה המעט מזער, כי אם <ins>להועיל בהם אנשים המתחילים בעיון</ins>, היות להם פרושי להקל מטורח ומורה דרך לגיה עיניהם מבלי הפליג ברוב ספרי המעיינים, ו<ins>לא לאנשים אשר עשר ידות להם בחכמה ובתבונה</ins>, ובכל מעשי חרש וחושב ו<ins>הם יודעים יותר ממני!</ins> אכן אל המתחילים יהיה להם פרושי זה כנגה שביב באישון חשך. אך בוזי החכמה כי לבם מרעת נבער, דברי למו כאבוקה ביד עור.\"","filtered_html"
"node","book",0,2138,2138,"und",0,"לפי הכותרת, הספר מיועד למי שעוסק בהתכתבות בשפות זרות ומי שמבקש לקרוא ספרות ו/או עיתנוים בשפות זרות.","filtered_html"
"node","book",0,2141,2141,"und",0,"המחבר מציג עצמו בעמוד השער כ\"מלמד לנערי בני ישראל\" - ייתכן כי הפנה את חיבורו אל קהל זה.","filtered_html"
"node","book",0,2142,2142,"und",0,"בהקדמתו כותב פרידלענדר: \"כל איש יקר רוח ונבון דעת , אוהב התחקרות על שרשי אנשתו, ויש לו יד להבין לשון  אשכנזי, כבר השביע בצחצחות נפשו והתענג במעדן רוח, בקראו ספר: פעדאן... אשר לרבינו משה מדעסויא מנוחתו כבוד...
<strong>ולאהבת איש משכיל דורש את אלהים, אשר לא הבין בלשון אשכנז</strong>, והתאוה תאוה לדעת את הלמודים אשר עליהם הוסדו... התנדב המחבר להוציאם ממנו ולכתבם בלשוננו הקודש בלשון קצר וצח  וזך ובהיר בלי עודף ויתרון ... וזהו מאמר ראשון מספר הנפש אשר הבאתי לדפוס...
המאמר השני הוא דרוש קשר הנפש עם הגוף ... גם הוא לרבינו משה נ\"ע ורצוף היה בתוך אגרת... מוצק על ידיעות רמות ונשגבות  אשר שאב ממקור מים חיים מספרי החכמים אנשי השם: לייבניץ, וואלף, גילפינגר ותלמידיהם. ונשאתי את לבי להדפיס את הדרוש הזה לתועלת המשכילים בעם חקרי לב אשר להם יד ושם בחכמות אלהיות  כאלו. אף כי מעטים המה. <strong>והיה כל איש זר אשר לא נסה ללכת בעקבות הפילוסופים</strong> [מזכיר בהמשך פילוסופים יהודים כרמב\"ם, סעדיה גאון ועוד]... <strong>אל יקרב הלום לקרוא מאמרים רמים ועמוקים כאלה. כי לא לעזר ולא להועיל יהיו לו</strong>.........\"","filtered_html"
"node","book",0,2143,2143,"und",0,"בהקדמתו אומר המביא לדפוס והעורך: \"ואני הרחבתי מעט לתועלת המלמדים ותלמידיהם לכן הצגתי באיזה מקומות אף דברים קלים למען לא יטעו התלמידים. נוסף לזה הצגתי הוראות השרשים הנוף והעיקר מאין חוברו מאמריה, ואיה מקום מצאו, אם הוא לשון צרפת או איטליע, למען יוכל הקורא לחפש אחריו, ומי שיש לו חיך לטעום יראה כי אמריו צדקו... וגם במקום שצריך להגיה הצגתי בכתב לטיין, כמו שמצאתי וראיתי כתב על גליון משניות של אדוני הקצין...

פנייה ישירה לקורא בתוך טקסט ההקדמה.","filtered_html"
"node","book",0,2144,2144,"und",0,"בסוף הקדמתו, ולאחר שפירט כמה וכמה עניינים, מציין דוד פרידלענדר: 
\"אין דער ווייטרן ענטוויקלונג דער שענהייט דיזר רעדן האט מאן דעם אנדעכ'טיגן לעזר ניכ'ט פ'ארגרייפ'ן וואללן. יע מעהר אונד יע טיפ'ר ער דעם אינהאלט דיזר ___ נאכ'דענקן ווירד, יע גרעסר ווירד דער נוטצן אונד דאס פ'רגניגן זיין, וועלכ'י ער ... ציהן קאן\".","filtered_html"
"node","book",0,2150,2150,"und",0,"בתחילת הספר, ישנה פנייה ישירה לקורא, תחת הכותרת \"קורא נעים\": \"החבור הזה כמות שהוא הנו בידך לא תחמול ולא תכסה עליו ולך פגע בו אם לא יישר בעיניך הרשיעה זדון לבי וסכלותי המתנשא לאמר בלהקת נביאי שיר פנו מקום ותנו לי מהלכים בין העומדים האלה. למשפט אקרב אליך אם תבין את אשר לפניך ותחיבני בשפטך אשיב אחור מהשירה ימיני ולא אוסיף עוד לדעתה ואם תסכל והחיבני ולא תצדק בדברך אוסיפה לך כהנה וכהנה להתחיב בדינך. ואתה שלום.\"","filtered_html"
"node","book",0,2151,2151,"und",0,"\"פניה\" לנפולאון.","filtered_html"
"node","book",0,2152,2152,"und",0,"דברי הקדמה מאת המחבר בשתי שפות, עברית וצרפתית, פונים אל קהל יהודי ואל קהל לא יהודי. כפי שכותב בדברי ההקדמה בצרפתית, תחת הכותרת 

Avertissement:

המחבר תרגם את שירו מעברית לצרפתית וגרמנית כדי להעביר לאחיו האזרחים את הרעיונות שהביאוהו לחבר את השיר. לטענתו, יודעי צרפתית וגרמנית קראו את התרגום לפני הדפסת הספר.","filtered_html"
"node","book",0,2154,2154,"und",0,"הספר נועד לשימוש בטקס חנוכת בית הכנסת החדש באמסטרדם, \"עדת ישרון\". חלק מקהל היעד של הספר הוא לא יהודי: אורחים שבאו לחגוג את חנוכת בית הכנסת החדש. כך כתוב בתפילה \"חנוכת הבית\", בסוף הספר: \"וגם אחינו יושבי הארץ הזאת, אשר לא מבני ישראל המה, כי יבואו לשאת תחינה ותפילה ולברך את שמך בבית הזה, רצם חינם ומלא משאלותם. ברך אותם בכבוד גדולה ועושר.\"","filtered_html"
"node","book",0,2156,2156,"und",0,"מתוך ההקדמה עולה כי המחבר פונה (בין היתר) הישר אל <ins>משכילי ברלין</ins>. 
בעמ' ב' פונה ישירות אל קהל קוראיו, וגם כאן דומה כי פנייתו היא אל המשכילים: \"אחלי מורי ורבותי, אלופי ומיודעי, חברי ורעי המקשיבים לקולי, שמעו לי ותחי נפשכם!\"","filtered_html"
"node","book",0,2158,2158,"und",0,"כפי שכותב \"משה בן מענדל מדעסויא\"/ מנדלסון: דברי זאב וולף \"נאמרים בלי להג הרבה ובלשון צחות וקל להבין <ins>לתלמידים</ins> המתאוים להבין את דברי הספר היקר, ויש בהם חקירות נכבדות רבות התועלת בענינים רמים ונשגבים דברי מוסר השכל ואמרי בינה\".","filtered_html"
"node","book",0,2162,2162,"und",0,"למשל, עמ' כא/א.","filtered_html"
"node","book",0,2164,2164,"und",0,"אין פנייה ברורה לקהל יעד מסויים","filtered_html"
"node","book",0,2165,2165,"und",0,"הספר פונה לקהל יהודי. תקוותו היא להפיץ את חוכמתו בקרב היהודים. הספר לא נודע בעברית אלא רק בלשונות העמים ולכן הקהל היהודי לא הכירו. היה זה בעיני בן זאב ספר יקר, מלא מליצות ומשלים בדרכי המוסר והמדות, התבוננות והשקפה בדרכי העולם ובעסקי בני אדם, וחקירות בפליאות היצורים והוא קיווה כי בני עמו\"יאכלו מפרי דבריו ויהללו בשערים חכמתו\". (כך בדברי ההקדמה) אמנם רבנים בתקופות האחרונות אסרו על הקריאה בספר, אך הוא ביקש להראות (ב\"הערה\") כי הדבר נבע מאי הבנה ובלבול, שכן בתלמוד ניתן היה למצוא אישור לאמיתות הטמונות בספר.
הספר הזה, טוען בן זאב, דומה בצורתו למשלי (פסוקים קצרים וכו'). אך שונה ממנו בכך שחיברו לא מלך כי אם \"איש פשוט, מערך ההמון, ע\"כ רוב מליצותיו ומוסריו לתועלת המוניי... ומשתדל לרוב עם האנשים אשר במדרגת המון... מורה דרך מוסר והנהגה איש איש לפי מדרגתו ודרכו, ולפי מידת ימיו...\"","filtered_html"
"node","book",0,2166,2166,"und",0,"בהקדמתו כותב המתרגם כי דברי הרמב\"ם ראויים להיקרא בזמנו, אך הן המקור בערבית והן התרגום העברי אינם שימושיים לאנשים הלא מלומדים (\"אונגעלעהרטען\") בתקופתו. \"זעלבסט דער, דער אויך אין דער קינדהייט דער עברעאישן מוזע הולדיגן מוסטע, איזט איהר דאך אין שפעטערן יאהרן ניכט גענצליך זא געטרייא מעהר\". מה גם שהשפה הפילוסופית בעברית זרה אף למי שלמד עברית בילדותו. \"איינע דייטשע איבערזעטצונג דיזר אבהאנגלונג גלויבע איך דאהער, ווירד איינם גענייגטן פובליקום ניכט אונאנגענעהם זיין...\"","filtered_html"
"node","book",0,2167,2167,"und",0,"רמזים לפנייתו למשכילים ולעוסקים בתרגום טקסטים מעברית לגרמנית בהקדמת המחבר.","filtered_html"
"node","book",0,2168,2168,"und",0,"אין הפנייה מטעם המחבר, אך אפשר להניח זאת מן השימוש בשפות השונות","filtered_html"
"node","book",0,2171,2171,"und",0,"\"ולא להקל מעלי המלאכה עשיתי זאת, כי אם יען האמנתי כי על הדרך הזה ירוץ הנער הקורא בו, אשר עליו שמתי עיני\". הקדמה, עמ' [4].","filtered_html"
"node","book",0,2172,2172,"und",0,"בהקדמה עמ' א/ב: \"אכן שמעו שמוע לי רדפי צדק מבקשי שלום זרע אמת חנוני חנוני אתם רעי אלי נא תמיטו עלי און ואל תאטר עלי באר תלונתכם פיה כי נאמן עלי עד בשחק האלהי'...\" 

עמ' יב/א: \"אמנם תועליות הספר יתגלו לעיניך קורא נעים כשתקרא בו ותשכיל בהבדלי השמות ומוצאיותם מן שרשיהם כפי האופן שהסתעפנו אותם מהם למען יקל עליך להבין פירושי המלות... גם תדע מזה כמה צדקו דברי חז\"ל...וגם לא יקטן בעיניך ידיעת הבדלי השמות... \"","filtered_html"
"node","book",0,2175,2175,"und",0,"בשער הפנייה ספציפית ליהודי גרמניה ופולין
\"צום געברויך דיטשן אונד פאלנישן יהודים\"","filtered_html"
"node","book",0,2177,2177,"und",0,"בסקירה לא מעמיקה לא נמצאה פניה לקהל הספר. הטקסט פונה כביכול אל בורא עולם.","filtered_html"
"node","book",0,2180,2180,"und",0,"הטקסט מכוון לתועלת המתפללים. \"תועלת לוח זו... כדי שנדע העת שמותר לקרות ק\"ש של שחרית... כדי שנוכל להתפלל תפלת שחרית עעם נץ החמה וכן נוכל לכווין (?) התחלת שבת וי\"ט שלא לאחר עד שקיעת החמה\".","filtered_html"
"node","book",0,2182,2182,"und",0,"בסוף הספר כותב המחבר: \"ועתה אתה הקורא ראה והבן הארבע משלים שהבאתי ובארתי בהם כל חלוקות האפשר בחשבונות האלו בלישנא קלילא המשתמע לכל מעיין. והתועלת היוצאין מן לוחות האלו אי אפשר לפרטם בספר קטן הכמות. אמנם יש בהם תועלת גדול למי שנפשו חשקה להבין קידוש החודש להרמב\"ם ובהרבה מקומות בתלמוד...\"","filtered_html"
"node","book",0,2183,2183,"und",0,"\"שני חלקים האלו כתובים בלי טעם ומופת, אבל כל מי שחשקו להבין קידוש החודש להרמ\"בם על בוריו צריך להרגיל בחשבונות הנמצאים בשני חלקים האלו, כי שניהם הם הקדמות לחלק השלישי...\" (עמ' [ב])","filtered_html"
"node","book",0,2184,2184,"und",0,"המחבר מביע את תקוותו כי יזכה לאהדת \"פ'ערנינפ'טיגער לעזער\".
הוא פונה אל קהל של גברים ונשים ומציין: \"זאללטע איין לעזר אדר אינע לעזרין דורך דיס גמעהלדע [תיאור הפגמים בחברה היהודית כפי שהוא מציגם] זיך געטראפ'פ'ן פ'יהלן, אונד דאהער דען לעבליכ'ן ענטשלוס פ'אטטן זיך צו בעסרן, זא העטטע איך איינן צוועק ערריכ'ט, וועלכ'ר וואר: דאס פ'רגניגן מיט דעם נוצן צו פ'עראיינען.
פ'ינדט זיך אבר דיזר ערקלעהרונג אונגעאכ'טעט דעננאך יעמאנד, דעם דיא הערויסגאבע דיזס שטיקס מיטפ'עללט, אונד דער דאס אנאטהעאא (מא?) דאריבר שפריכ'ט, זא דיהנע דיזם פ'אלגנדר בקאנטר שפרוך צור אנטוואר: דער קראטלצע זיך דעם עס יוקקט, וויר אללע האבן איינ ריינע הויט\".

נוסח עברי של הספר נשאר בכתב יד (עד להדפסתו ב- 1755).","filtered_html"
"node","book",0,2185,2185,"und",0,"דובנא, המביא לדפוס, מסביר כי הביא ספר להדפסה שניה \"לתועלת בחורי חמד, להלהיב לבותיהם אל הלשון המקודש...ועתה אחי וריעי תנו לבבכם אל הספר הזה, וקראו בו בעתות הפנאי, ותתענגו על יופי מליצותיו ועל צחות לשונו, ולמדו את בניכם להרגיל עצמם בלשון הזה... לרפא לשוננו, ולשון עלגים תמהר לדבר צחות...\" 
הוא פונה בהקדמתו: \"אליכם משכילי עם! אליכם בחורי חמד, המשתוקקים לדעת משל ומליצה, הרודפים לדבר צחות! ותבקשו ולא תמצאו, כי גמר ממשל משלים, פסו דוברי צחות מבינינו, מעת נסתם חזון ונביא וכל איש ואיש אף החכם אשר לו חיך לטעום דבש המליצות אשר בכ\"ד ספרי הקודש, ילאה לכתוב על ספר בלשון צח ונקי את אשר הולידו עשתונותיו, והחכמה נשארה טמונה בלבו, עד אשר עמו תמות חכמה...
והתועלת היוצאת מספר זה, כי בחורי חמד יתנו לבם אל לשון הקודש, ללמוד אותו היטיב, עדי ימהרו לדבר צחות, ובל יאמרו אמרנו נגזרנו, בשכבר הכל נשכח, כי אין עוד נביא, ולא אתנו יודע עד מה מדרכי הלשון ההוא, ולמה ניגע לריק, נבקש ללא הועיל? ... אכן עתה בקראם בספר זה המחובר בימינו, ידעו כי לא אלמן ישראל מהלשון ההוא... מלבד התועלת הגדולה מן הראשונה, כי אמריו הטהורים ימשכו לבב כל איש, להפוך מחשבותיו מן הרע אל הטוב, עד אשר ימשול ביצרו להגביר המדות המעולות על הפחותות... ולהשיג התכלית הנרצה לפני ה'\"","filtered_html"
"node","book",0,2190,2190,"und",0,"הספר מיועד (בין היתר) לקוראי הביאור. בראשית הספר כותב המחבר: \"שבתי וראיתי הצורך הגדול להזכיר בראש ובהתחלה את הכללים (דיא רעגלען), אשר עליהם סמכנו בתרגום הכתובים וביאורם, ואשר לא יימצאון בכל ספרי הלשון הנודעים לי (וועלכ'י אין קיינר שפראך לעהרי דיא איר בעקאנט זיין צו פ'ינדן זינד) למען יבין הקורא לשון הקודש ואת דברי הספר בכל מקום שהם מיוסדים על הכללים הללו.\" 

בסוף העמוד פונה המחבר אל הקוראים: \"ואתה הקורא הנעים, שום תשים את הדברים האלה על לבך, כי נעים כי תשמרם ותטמנם בחבך\".","filtered_html"
"node","book",0,2191,2191,"und",0,"המחבר פונה בעיקר אל קהל <strong>אשכנזי</strong>, ככל הנראה קהל <strong>משכיל</strong>. בהקדמתו הוא כותב: \"לא ייחלק הקורא ולא יקוה, שימצא בדברי אלה מופתים לימודיים
''(Demonstrationes Mathematicae)''
כפי דרכי המופת בחכמת החשבון והמדידה וכיוצא. כי לא בחכמות האלה, הדבר הזה... גם הכרחי הוא לכל קורא את מאמרי זה, שידע הידיעות הראשיות מחכמת דקדוק הלשון, מדיני האותיות והתנועות, ושנוייהן וחלופיהן, כי זולתן לא יבין את כוונתי באיזה מקומות אשר אדבר בם.\" 

למנס מקיים מעין דו-שיח עם קוראיו. הוא מניח כי תהיה התנגדות לדבריו, והוא משתדל לענות מראש לטענות שתעלנה נגדו. בהקדמה הוא כותב: \"אבקש מאת כל קורא, שיעיין את דברי בנחת ובמתון, ולא ימהר לקפוץ ולחלוק על דברי בטרם יבין את כוונתי. כי ידעתי שאנשים רבים רגילים לחלוק על כל דבר חדש אשר ישמעו, אם הוא מתנגד למה שחשבו עד הנה היות אמת גמור, ובפרט אם יהיה האומר רך בשנים וידוע להם: כי יחשבו שהוא קלון רב להודות על האמת... אף שעדיין אני צעיר לימים, את אשר הנני אלקים אותו אדע, ואדברה נגד חכמי לב ומביני מדע, ולא אבוש.\"

לאחר שכותב אחת מטענותיו על השפה העברית, מוסיף בסוגריים: \"קורא נעים! שמור לפיך מחסום, לבל תשיבני על דברי אלה, ותאמר, איך תאמר שלא יחסר מאומה בלה\"ק, הלא יחסרו בה שמות דברים רבים עד מאד? כי תשוב ותתבונן, שאין החסרון הזה תלוי בלשון אלא בנו, כי אנחנו שכחנוה בארך הימים...\" (עמ' ד/1)

[פניות נוספות לקורא: עמ' ו/1 בסוף, וכו']","filtered_html"
"node","book",0,2193,2193,"und",0,"לקראת סוף המאמר כותב וייזל: \"ואתם משכילים, חברת שוחרי הטוב והתושיה!\"","filtered_html"
"node","book",0,2194,2194,"und",0,"נראה שוייזל מפציר בקוראיו - או ליתר דיוק מנסה למצוא מבין קוראיו מי שיטול על עצמו אחריות ויעשה מעשה שעשוי להיות גורלי עבור עם ישראל: \"אמר המעתיק אם אמת הדבר שנמצא דברי הימים עברי כזה ליהודים אשר בקושין ושעד היום יש בידם הספרים הנזכרים בקצור ד\"ה זה, כמה תגדל חובת כל איש חכם לתת לבו על הדבר הזה, לעשות מאהבת בקשת האמת מה שיש לאל ידו לעשות, הן בעצה הן בפועל בעבור השג ספר ד\"ה אשר לאחינו בקושים, וביותר להשיג העתקה נאמנה מכל הספרים אשר בידיהם, לא שמעתי מעולם דבר גדול כזה, כי אז נראה אם ספר תורת משה רבינו שבידם מסכמת בכל עם ספר תורה שלנו, לא אוכל לפרוט הטובה הגדולה שיגיע מזה לישרי לבב בכל פרטיה, כי אם תסכים בכל עם אותה שבידינו, תהיה לאות לבני מרי האומרים שבבית ראשון נשכחה התורה מישראל ונאבדה מתוך הקהל... ואין ראוי להעלות על ספר מה שאומרים בעלי ריבנו על עזרא הכהן, ושאין התורה שבידינו כמו שהיתה מלפנים... אע\"פי שנוכל להראות מצד השכל כי תהו המה, עוד כעשן יכלו, אם יגיע לידנו התורה שהיא ביד היהודים מגלות שלמנאסר... וכן בענין המחלוקת במלא וחסר ובקרי וכתיב...\" (עמ' כ)

ושוב מוסיף: \"אם אמת הדבר הנאמר בקצור ד\"ה זה, לא לכבוד יהיה לבני ישראל, אשר השיבה ידם לחקור ולדרוש בענין זה, ולשאוב האמת ממקורו וממקומו, ולא שמו על לבם לעשות חסד זה עם בני הגולה הנתלים על שבר בית יוסף... להודיעם כי עוד עמק העכור יהיה לפתח תקוה, באשר רבים מהם האובדים בין העכ\"ום, עוד לבם לב ישראלי, ואמרים בני ישראל אנחנו, ורבים מהם עד היום הולכים בדרך ה', וספר תורת ה' אתם...\" (עמ' כט).

קריאה ישירה עוד יותר יש בסוף ה\"מאמר\", שם הוא <ins>פונה ליהודים אשר יושבים במדינות שונות באירופה</ins> ולהם מהלכים בארצותיהם: \"כל איש ישראל אשר השיגה ידו לשאת ולתן עם אחינו היושבים בקושין, ודורש מפיהם האמת בכל פרטיו ויגד לנו הדברים באר היטב, תבוא עליו ברכה, כי מלאכת ה' הוא עושה, ומה נקל הדבר הזה לעשותו למקצת בני עמינו אשר להם יד ושם בחצרות נכבדי ארץ הוללנדי, כי אם הנכבדים האלה ידברו באזני ראשי ומנהיגי האניות, וגם יכתבו לנכבדים מכיריהם באי סילון ובחוף מאליבאר שיחקרו על הדבר הזה... עשה יעשו ויצליחו. וכן נכבדי היהודים שבאינגליטירי...\" וכן הלאה. (עמ' ל)","filtered_html"
"node","book",0,2195,2195,"und",0,"פונה אל \"הקורא המשכיל\" (עמ' ב/2). פניות ישירות אל הקורא לכל אורך ההקדמה. למשל: \"גם בטוח אני, שכל קורא משכיל אשר יקראם בעיון וישים לבו אל דרכיו ומחשבותיו, יבין מעצמו איך ישתנו הדרכים והמחשבות האלה...\"","filtered_html"
"node","book",0,2196,2196,"und",0,"ראו אצבע בחלון \"נושאים\".
היות ובן זאב מצהיר כבר בפתח החיבור כי בכוונתו לסטות מדברי המסורת בהבנת הטקסט המקראי (נביאים וכתובים), הוא כותב בהקדמתו: \"ואתה קורא! פן יהיה דבר עם לבבך בליעל, לשום לי עלילות דברים לאמר: בועט אני בדברי חכמינו בעלי התלמוד. חלילה לך מחשוב זאת, כי אם דעה לך הלא תדע להבדיל בדברי חז\"ל, אם הם בדברי דת ודין, חק ומשפט, מנהג והלכה, עליהם באה המצוה: לא תסור מכל אשר יגידו לך ימין או שמאל וגו'. ואולם בדברים היוצאים ממין הזה אשר אמרו דרך סברא או דרש או אגדה גם הן רסן החוב מעל פנינו שלחו מלקבל דבריהם כי לא רצו לקבוע בזה אמונה ולא להחליט בו אמת כ\"א ע\"ד דרוש וקבל שכר\".","filtered_html"
"node","book",0,2199,2199,"und",0,"ראו \"הערות\".","filtered_html"
"node","book",0,2203,2203,"und",0,"ברי\"ל מציג בספרו דברים שכתבו מנדלסון ופרידלנדר, אך משתדל \"לבלתי הלאות את הקורא אשר יאמר אין לי חפץ בדברים כאלו, ודי לי כשאדע באור הטעמים. ומזה הטעם גם לא ערבבתי באור המלות בתוכו כאשר עלתה על לבי בתחלה, כדי למעט מספר הפרושים... אמנם ידעתי גם ידעתי כי רבו כתות השוקדים על דלתות התורה, את אשר יאהוב זה לא יאהוב זה, ואשר ירצה בו האחד לא ירצה בו האחר, ואמרתי עת הפר מחשבתי ובטל רצוני כדי להפיק רצון כלם. ושלום להם ולכל אוהבי החכמה והמדע\".","filtered_html"
"node","book",0,2204,2204,"und",0,"<p class=\"rteleft\" dir=\"rtl\">וולפסון פותח את המבוא כך: \"כל קורא משכיל, הקורא בספרי הכותבים וסופרים ספורים ודברי הימים, את הקורות אשר הקרה ה' למדינה ומדינה, לעם ועם, יתבונן לחקור על שלשה דברים...\" (שם המחבר, זמן המשעה, תועלת הידיעה). בהמשך: \"ואתה הקורא ראה איך הבדילועם ישראל עצמם ממנהג שארי העמים, כי כאשר נודע להקורא בספרי המסעות (רייזי בשרייבונגן) לפנים היה המנהג במדינת הודו מזרחית (אסטאינדייען) ובמדינת (גראסי טארטארייע) ובפרטות אצל היושבים על נהר אינדוס (אדר הינדוס)...\"</p>
","filtered_html"
"node","book",0,2205,2205,"und",0,"הספר מיועד, בין היתר, כמעין הכנה ללימוד מעמיק יותר של המגילה. לדברי וולפסון וברי\"ל בהקדמתם, \"אי אפשר להקורא לחקור על הנמשל והרמש מהדבר, אם לא ידע מקודם טעם התרגום ובאור מלות המשל; כמו מפתח אשר בו יפתח הדלת לבוא אל הבית פנימה, ובלעדו יהייה הבית סגור, כן הדבר הזה, אחר התבוננות בתרגום המליצה והמשל, וידיעת גלגול והמשך הדברים, יעלה החוקר מעלה מעלה בשכלו עד כי נגלה לפניו תעלומת ומצפונת הדבר.\" הם מביאים את התרגום ה\"צח\" וה\"ערב\" של מנדלסון לגרמנית, אולם לא הרחיבו בפרוש. ישנם פרושים מפרושים שונים - קבליים, פילוסופיים, \"אלהיים\". \"ואנחנו לא נדע איזה מהם יכשר יותר להחליט עליו ולאמור זה הדרך הטוב והפרוש הנכון אשר תלכו בה, הידוע נדע מה שיכשר בעינינו הייטב בעיני הקורא? אולי את אשר קרבנו רחוק הוא בעיניו, ואת אשר רחקנו קרוב הוא אליו, ומי יודע אולי כולם כאחד טובים. לכן משכנו ידנו כלל מן הפרושים האלה, ונלווה התרגום הזה רק בבאור קצר ומספיק להודיע טעם תרגום המלה, דקדוקה בלשון העברי, ושאר דברים הנאותים וצריכים לפשטות הענין, וכל מי אשר נשאו לבו למלאות תשוקתו בפירוש על המגלה הזאת, יעיין בהספרים מהמפרשים אשר קדמונו כמו רש\"י, ראב\"ע  ובעל עקדה ודומיהם וימצא מרגוע לנפשו.","filtered_html"
"node","book",0,2207,2207,"und",0,"כותב ההסכמה מציין כי הספר יועיל \"למעתיק מלשון עברי אל לשון אשכנז או להפך ללמד זאטוטי בני ישראל לה\"ק מאז דעתם לדבר\".
המחבר בהקדמתו מסביר את מניעיו. רבים אינם מבינים את שפת הקודש, לא יכולים לקרוא בכתה\"ק, \"לא ישיבו אל לבם לחקור אחרי אמרי הקדמונים לראות האם גם הם ככה פרשו ובהתקם המקרא ללשונם אשר ידברו בה עוד יוסיפו סרה ורבה העזובה מדרך האמת... על זה היה דוה לבי... וראיתי באבדן לשון מולדתי לא תאר ולא הדר לה לכן יצאה כאש חמת קנאתי ללבון ולברר כל קצוי הלשון... והכנותי את לבבי לחבר מדרש כל מלים ... ובארם בלשון אשכנזית כדבר העם אשר אנכי בקרבו והחלותי להכינו על דרך אלף בית החל וכלה ולמען ייטב הספר הזה אף לכבד לשון אשר אינינו יודע מוצאי השמות לשרשיהם לא העמדתי השמות למוצאיהם כאשר עשו הראשונים אך גם המה הצגתי על שדרות הא\"ב...\"","filtered_html"
"node","book",0,2209,2209,"und",0,"במהלך החיבור, המחבר פונה לעיתים אל קהל היעד שלו בביטוים כגון \"ליבע קינדר\", \"מיינע ליבן קינדר\".
אולם  הספר פונה גם כן לאנשים מבוגרים יותר, המבקשים ללמוד את השפה העברית, אליהם מתייחס פיליפסון בהקדמתו (עמ' [5]):

\"Da ich aber dieses Buch auch für erwachsene Anfänger [der hebräischen Sprache] bestimmt habe...\"

ההקדמה פונה אל המורים, בדברי הדרכה על אופן השימוש בספר לימוד זה.","filtered_html"
"node","book",0,2211,2211,"und",0,"בהקדמה מציין באק כי הספר יצא בשלוש שפות: עברית, גרמנית וצרפתית, כדי שיוכל לשמש את ילדי ישראל בארצות: גרמניה, צרפת, הולנד, איטליה, דנמרק, שוודיה, רוסיה ופולין (הקדמת המחבר, עמ' 8)","filtered_html"
"node","book",0,2212,2212,"und",0,"\"מודעה\" זו מופנית בעיקר אל קהל הקונים - אף כי יש להניח כי גם אל המחרימים. בסוף ה\"מודעה\" מציינים המחברים: \"ומעתה יצאנו ידי חובותינו להודיע את כל זאת ברבים ולהשקיט לבב הקונים המתאוים לקנות ספרים אשר נדפסו אצלינו לרות צמאונם, להגדיל תורה ולהאדירה\".","filtered_html"
"node","book",0,2213,2213,"und",0,"מימון בהקדמתו פונה אל ה\"קורא המשכיל\". לדבריו בסוף ההקדמה, הוא מביא את \"קורות הפילסופיאה מזמן התחלתה עד זמנינו זה למען דעת כל קורא משכיל כי לא מלבי היתה זאת, אם אמרתי היות החכמות בזמן ארסטו חסרות...\"
אייכל ב\"דבר אל הקורא\" מציין כי \"זה שנים רבים מלאתי את לבבי לעסוק בספרי חכמה ולאסוף אחת אחת את אשר מצאתי בם לתועלת משכילי בני עמינו ולתחם לפניהם בלשוננו הקודש כאשר לאל ידי, יען מצאתי בדור הזה רבים מחכמי התורה אשר יבקשו גם לקחת יד בחכמה, ולא עלתה בידם, מחוסר הספרים אשר יבקשו בם די רוות נפשם.\"","filtered_html"
"node","book",0,2214,2214,"und",0,"סטנוב מבקש להציג ספר שידבר בשפה ברורה לקהל הקוראים. הוא מציין כי קיימים פירושים רבים, אך \"לא ללמד יצאו כי אם להראות כחם ועוצם שכלם באלהות... ועם היות אלה המפרשים גדולים חקרי לב בדורותם, הנה לא לנו עזר מהם\".
סטנוב, לעומתם, \"נכמרו רחמי על בני גילי, ואומר יצוא אצא גם אני לישע בני עמי... לאנשים כערכי שבורי לב ודכאי רוח אשר לא גובה להם ולא יהורא להם\".","filtered_html"
"node","book",0,2215,2215,"und",0,"ראו דברי סטנוב בהקדמתו בחלק השני.","filtered_html"
"node","book",0,2218,2218,"und",0,"המתרגם לא מציין את קהלו, אך יש להניח מן השימוש הרב-לשוני שקהלו יהודי וגם לא-יהודי","filtered_html"
"node","book",0,2222,2222,"und",0,"לא מצויין קהל יעד יהודי ספציפי, אך כנראה שהמחזור לא נתפס כחתרני או משכילי (ראו שדה \"הערות\" בחלון \"חוקר ומקורותיו\")","filtered_html"
"node","book",0,2224,2224,"und",0,"לקהל אשכנזי - בכותרת רשום \"מנהג פולין\"

לא מצויין קהל יעד יהודי ספציפי, אך כנראה שהמחזור לא נתפס כחתרני או משכילי (ראו שדה \"הערות\" בחלון \"חוקר ומקורותיו\"","filtered_html"
"node","book",0,2225,2225,"und",0,"קהל אשכנזי - בכותרת נרשם \"מנהג פולין\"

לא מצויין קהל יעד יהודי ספציפי, אך כנראה שהמחזור לא נתפס כחתרני או משכילי (ראו שדה \"הערות\" בחלון \"חוקר ומקורותיו\"","filtered_html"
"node","book",0,2226,2226,"und",0,"רשום בכותרת לפי מנהג פולין - לכן נועד לאשכנזים

לא מצויין קהל יעד יהודי ספציפי, אך כנראה שהמחזור לא נתפס כחתרני או משכילי (ראו שדה \"הערות\" בחלון \"חוקר ומקורותיו\"","filtered_html"
"node","book",0,2227,2227,"und",0,"לקהל אשכנזי - \"מנהג פולין\"

לא מצויין קהל יעד יהודי ספציפי, אך כנראה שהמחזור לא נתפס כחתרני או משכילי (ראו שדה \"הערות\" בחלון \"חוקר ומקורותיו\"","filtered_html"
"node","book",0,2228,2228,"und",0,"על פי הכותרת: הטקסט נועד לאשכנזים - מנהג פולין

לא מצויין קהל יעד יהודי ספציפי, אך כנראה שהמחזור לא נתפס כחתרני או משכילי (ראו שדה \"הערות\" בחלון \"חוקר ומקורותיו\"","filtered_html"
"node","book",0,2229,2229,"und",0,"בכותר הספר נרשם: \"לבני פולין פיהם ומעהרין\"

לא מצויין קהל יעד יהודי ספציפי, אך כנראה שהמחזור לא נתפס כחתרני או משכילי (ראו שדה \"הערות\" בחלון \"חוקר ומקורותיו\"","filtered_html"
"node","book",0,2234,2234,"und",0,"בהקדמה לספר, ישנה פניה ישירה אל הקוראים. \"הספר הזה המובל לפניך קורא נעים! הוא ראשית מלאכתי בדרכי הלשון והמליצה... אתה אחי הלא ידעת כי ספרים כאלה בלשון עבר מעט המה ונער יכתבם, וכל מגמתי רק להרחיב את לשוננו אשר אבדנו זה כמה - הלא תראה כי לא למען רבת המחיר אשר אמצא חברתיהו... אף לא למען קנות כבוד ותפארת מבני עמינו... ראה תראה ידיד לבי! כי הספר הזה על פני כלו מלא מוסר השכל... אלה דברי ידידיך קורא נעים המשתוקק לראות עלות כנפי הצלחותיך בתורה בחכמה ובאושר.\"

לפי ורסס, המחזה מלוכת שאול, עמ' 58, המחבר \"צופה מראש, כי קוראים הנמנים עם המחנה של אותם 'בוערים בעם' \"בטרם יקראו בו שתים או שלוש דלתות יחרקו שן עליו כאשר טבע המון מן הבוערים בעם בראותו דבר חדש בעיניהם כאלה\" [כך כותב האפרתי בדברי ההקדמה]. נוכח תחושה קודרת זו שוקד האפרתי להכשיר יצירתו זו בעיני קוראים עוינים כגון אלה כשהוא מבטיחם נאמנה \"כי הספר הזה על פני כולו מלא מוסר השכל, כי מוסר השכל שמתי מטרה לכל הרעיונות הבאות בו\". ביחד עם שימושו במינוח המשכילי הרווח כלפי יריביה של ההשכלה רואה האפרתי מחובתו להצהיר לפני קהל קוראיו אלה של <ins>מלוכת שאול</ins> על דביקותו באמונה באלהים:
\"והנה כאשר מנעורי ועד עתה שמתי מבטחי באלהי, כי רק הוא יודע את כל לבי, כי חפץ חסדו הוא; כן עתה אתה ה'! -- הורני נא דרכך אלכה, רצה את דרכי! מלא חפצי לבבי אשר התפללתי אליך זה כמה - לדפוק על דלתותיך יום יום, כי ישרים דרכיך ה'!\" [גם בהקדמה]
דומה, כי הצהרה נרגשת מעין זו מצדו של המחבר הצעיר נועדה להעניק ליצירתו בעיני קהל קוראיו העברים לגיטימציה אשר לאמונתו...
מכל מקום, ניכר כי מלכתחילה ומעיקרו נועד המחזה מלוכת שאול לקהל קוראים ממחנה ההמשכילים.\"","filtered_html"
"node","book",0,2235,2235,"und",0,"ראו טקסט ההקדמה בחלון \"הקדמות\".","filtered_html"
"node","book",0,2239,2239,"und",0,"וייזל פותח את הקדמתו ברמיזה על קהלו: \"ללמד לבני יהודה משל ומליצה דברי חכמים וחדותם, הלא היא כתובה על ספר הישר, שנאמר ושננתם לבניך ותניא בספרי בניך אלו התלמידים שנאמר ויצאו בני הצביאים ואין המצוה הזאת מוטלת לבד על המופלאים בכחמה... אלא הגדול והקטן נצטוה בה, כי אין לך חושב מחשבות תורה וחכמה בישראל שלא יהיו קטנים ממנו הצריכין לתורתו והמקבלים תועלת מתלמודו ומדבריו. ולכן כל מבין עם תלמיד המצליח לדלות מים חיים מבאר החכמה, חייב להזיל מים מדליו ולהשקות צאן קדשים הצמאים לשמוע דבר ה'...\"","filtered_html"
"node","book",0,2240,2240,"und",0,"המחבר פונה אל \"רעיו\" בחברת דורשי לשון עבר.","filtered_html"
"node","book",0,2242,2242,"und",0,"בסוף ההקדמה כותב המחבר: \"ודע נא הקורא אהוב כי רק האמת תהיה נר לרגלי ואור לנתיבתי. לא אשא פני איש לא אשא פני.
עתה <ins>קום קרא בספרי ושפטהו ביושר לבך</ins> אם להימין או להשמיל, פלס דבר במאזני צדק ויהי אלהים עמך.\"","filtered_html"
"node","book",0,2249,2249,"und",0,"<p class=\"rteleft\" dir=\"rtl\">פניה לקהל היעד נעשית בעמוד השער: \"לתועלת ילדי בני ישראל החפצים ללמוד שפת עברי\".</p>
","filtered_html"
"node","book",0,2250,2250,"und",0,"הספר מוקדש לאישה, ובין היתר כתוב שם כי תרגום ההגדה \"אויס אכ'טונג פ'יר דיזס גשלעכ'ט איהר דאזיין ערהאלטן\".  
גם ההקדמה שכתב ברי\"ל פונה ל\"גנייגטע לעזרינען\". במהלך ההקדמה ישנה חזרה על פנייה לנשים: \"מיינע לעזרינן\", \"דעניעניגן אונטר מיינן לעזריננן, דענן...\". 
יש לציין כי לפחות בחלק מן המהדורות המאוחרות, מטושטשת פניה מפורשת זו לנשים.","filtered_html"
"node","book",0,2253,2253,"und",0,"בהקדמתו כותב הפרשן/מתרגם כי כוונתו לאפשר לקורא להבין את הטקסט וכך להגיע להתרוממות דתית, \"צור רעליגיעזען טרויער שטיממען, צור מאראלישען בעזזרונג...\"","filtered_html"
"node","book",0,2254,2254,"und",0,"בפנייתו אל הקוראים, מתלונן וורמס בהקדמה לספרו על כי \"נבערתם מדעת כאיש בער\".  הוא מבקש בכתביו \"ללמוד לבני יהודה קסת סופרים בכל נתיבות החכמה ומסילות הידיעות במשעול הקרמים (!) המצויירים ומצויינים בדרכי ציון האפילות עד עתה ליהודים יהיה אור יקרות בכל עבר לעברים יופיע מהר פארם פאר חברו שרים ראשונים ואחרונים. סקלתי מהם אבני נגף ויהי העקוב למישור והגבעות שמתי למסלול ישר למען ירוצו ולא ייגעו לא ייעפו ולא יכשלו...\"","filtered_html"
"node","book",0,2255,2255,"und",0,"בהקדמה רשם שנאבר-לויזון: \"... הקדשתי המנחה הזאת לה' ...ויהיה למחסה ולמסתור לנערי בני ישראל אשר יושבים בר' אמות של הלכה וערום ילכו בלי לבוש ואין כסות בקרה.\"","filtered_html"
"node","book",0,2267,2267,"und",0,"הרב יחזקאל לנדא בהסכמתו כותב על המחבר: \"דבר טוב עשה בעמיו ללמד בני יהודה לשון לימודים. לקיים <ins>חנוך לנער על פי דרכו מנעוריו</ins>... למען יהיה נקל על <ins>הנער</ins> לקבל והמלמד יצליח במלאכתו ועל ידי זה תתפשט ידיעת לשון הקדש על מכונו <ins>לנער וזקן</ins>...\"

על/אל המורים כותב אביגדור לוי בפתח הקדמתו: \"ידוע הדבר ואמת היא שהלימוד הוא תוהו ובוהו אם אין להמלמד עם תלמידים כל חלקי הלשון בידו לאחדים ובקי ורגיל במקרא ומפרשיו המחודדים...\"","filtered_html"
"node","book",0,2270,2270,"und",0,"בפתיחתו כותב המתרגם:
אליכם אישים אקרא! וקולי אל בני אדם! שמעו כי נגידים אדבר! ומפתח שפתי מישרים!","filtered_html"
"node","book",0,2272,2272,"und",0,"בהסכמה נכתב: 'וממנו [מספר זה] נלמד חחכמת הדקדוק גם חכם גם דרדק'.","filtered_html"
"node","book",0,2273,2273,"und",0,"ב\"התנצלות המחבר לעין הקורא\", פונה המחבר אל \"קורא נעים\" .
שם: \"ואמרתי שבתועלת מאמר זה מצאתי תרופה לארוכה לפחותי ערך עיון השכל כמוני. באשר שחכם השלם לא אמר שיתחייב לנצח האפיקורס, והניצוח לא יתכן זולת בראיות מופת חותך, וזה דבר קשה מאד בחכמת אלהות. מלבד שצריך בינה יתירה וידיעות הרבה, לעשות מופתי אמתים כאלה, גם ישנו דברים שלא יצליח בהם מופת חותך כלל... לבטל מופתים כאלה צריך ג\"כ ידיעה ועיון החקירה, ולעיין בחבורי קדמונים אין יד כל אדם מגעת לעמוד עליהם, באשרר המה יוקר המציאת וההבנה. שקצרו בלשונם והעלימו דבריהם במלות זרות מלשון הפילסופי', כי בימיהם לא נתפרסום חכמה זאת, זולת בין החכמים, ולא הי' להם להלחם מלחמות ה' זולת נגד נבונים וולהם די ברמיזה. אבל בזמננו שנתפרסום חכמה זאת, גם לאנשי פחותי ערך בכל לשונות הגוים עד שבני עמינו ישפיקו בילדי הנכררים, ושגו לחקור על אמתת אמונתנו, בספרי פילסופי' הנפסדים מחכמי נכר. ועליהם נאמר יש דרך ישר לפני איש ואחריתה דרכי מות, באשר שיעעלימו האמת ויכשילו בחלקלקת לשונם. ואלה תלדות פרץ, רבים חללים הפילה מעם ה', אשר נפלו ביד משחית להשחית האמונה, וישכח ישראל עושהו. לכן קמתי אני צעיר שבצעירים ותלמיד מתלמידיהם, להיות מבעלי אסופות אמונה בחקירה, לחוקקם בעט סופר לסעד לבבי, למשעון לבב אנוש כערכי, לגדור פרצה זאת. ... אבאר...בשפה ברורה ובדברים נעים להבין לכל יודעי ספר\".
גם: מעין הוראות קריאה לקורא: \"לכן אבקש ממך [הקורא] לתועלתך לקראו על סדר המסודר.\"
וכן, פונה כך אל הקורא: \"ובהמצאך בו דברר בלתי מתוקן, תדונני לכף זכות, כי השגגה היא בטבע אנושי. ואם תמצא בו דבר שקדמני אחר, ולא זכרתי שם בעליו, אל תאמר גנוב הוא אתי... דע שאין לי בית מלא ספרים... אפשר ששכח לבי מה שראו עיני, ונעלמו דבריהם בזכררוני, וכשחזרו ונתגלו בלבי, אמרתי אני היום ילדתיהו...\"","filtered_html"
"node","book",0,2276,2276,"und",0,"\"ואנכי הרואה כי תועלת גדול יש בו לעם ה'...\" (\"הקדמה\", דף א').","filtered_html"
"node","book",0,2283,2283,"und",0,"המביא לדפוס מציין כי הפרשן \"בחר לשון ערומים לפרשו בדרך נקל וצח עד שיקל לכל מתחיל לבא שעריו. גם גדולים חקרי לב אשר להם בינה יתירה ואת כל גבוה יראו בעיונים הדקים ונשגבים...\"","filtered_html"
"node","book",0,2284,2284,"und",0,"בהקדמתו הקצרה כותב המחבר: \"כי לא אל עם ע[...] שפה וכבדי לשון וחסרי דעת אני שולח ספרי זה כי כבר הא[..] הקדמונים והאחרונים בשבח לשון עברי לה\"ק ושמו מוכיח על[...]\"","filtered_html"
"node","book",0,2287,2287,"und",0,"לפי הכתוב בהקדמת הספר (עמ' [6]), במכתב השלישי של דברי שלום ואמת (עמ' ה/א)  הבטיח וייזל כי \"ספר המידות... יאיר עיני <ins>התלמידים</ins> ביראת ה' וחכמת הנפש ודעת המדות... בחורי חמד ומתחילים בחכמה כמוני! הנה לכם ספר זה... זה המעט שאני כותב דרך חדש הוא, להועיל לי ולבני גילי כמוני...\"

וייזל ממקם את ספרו בהמשך לשורה ארוכה של ספרים אשר כתבו חכמי ישראל לאורך הדורות, מספר האמונות והדעות לסעדיה גאון, ספר חובת הלבבות לר' בחיי הזקן, ועד ספר מסילת ישרים לרמח\"ל וספרים אחרים מתקופתו. ואולם, \"לא העתקנו בספר זה דברי מי שקדמונו, כי אין זה דרכנו... אחקור מחקר שכלי כפי כחי בעומק העניני', יבין בם הקורא המשכיל, ולכן עזבתי מליצות וחרוזים להנעים הלשון, אבל כתבתי באר היטב ובדרך קצרה למען ירוץ הקורא בו. כי מחשבתי להועיל.\" (הקדמה, עמ' [10])
 
וייזל איננו מעמיד עצמו כסופר שהוא סמכות עליונה ובלעדית, אלא מציג את דבריו כמלאכה אין סופית ומעניק לקורא יכולת להשלים את דבריו: \"גם ידע הקורא כי אין מלאכתנו מלאכה תמה שאין אחריה עוד, אלא התחלות דברים היא, כי אין קץ לחכמת הנפש, לא באתי רק לישר המסילה לפני אנשים כערכי, וללמדם על איזו דרך טוב ללכת בבתי הנפש... מי שדעתו רחבה יוסיף שרשים וענפים בלמודים הללו, וישא ברכה מאת ה'\" (הקדמה, עמ' [10]).","filtered_html"
"node","book",0,2290,2290,"und",0,"קהל היעד מצויין בעמוד השער","filtered_html"
"node","book",0,2294,2294,"und",0,"המביא לדפוס כותב בהקדמתו הקצרה: \"והנה זה הספר אינו נמצא ממש אחד בעיר, ואפילו בלאותיהן לא נראה. ובפרט שאינו שוה לכל נפש בשביל התיבות הזרי' שבאים בו שלא יוכלו לפרשן. אף היודע שרשן. מפני שאינו מצויה בידו הספר קונקורדאנץ או ספר השרשים לרד\"ק ז\"ל. לכן אמרתי לי נאה להדפיסו מחדש ולחברו אל ספר מלים לאלה שחברתי על השרשים שהוא קיצור מופלג משני הספרי' הנ\"ל ויהיו לאחדים בידו. והיה הדבר הקשה יחפשו בחבורי הנ\"ל. \"","filtered_html"
"node","book",0,2295,2295,"und",0,"פניה עקיפה אל קהל היעד נעשית בהערת שוליים לרשימת המילים הגרמניות. המוציא לאור (ברי\"ל) כותב שם: 
\"איך גלויבע... מיינן לעזרן איינן בפאללן (?) דאמיט צו ערצייגן, ווען איך איהנן דיא אין דען פזאלמן פארקממנרן (?) האכדייטשן ווערטר ערקלעהרע,... דיא... אים גמיינן לעבן, טהיילס זעלטן, טהיילס גאר ניכט פארקאממן...\"

תרגום ספר תהלים לגרמנית ע\"י מנדלסון פורסם לראשונה באותיות גותיות, ורק לאחר מכן הוא הודפס באותיות עבריות - דבר המעיד על שינוי בקהל היעד. ויינברג, רשימת מילים, עמ' 281.","filtered_html"
"node","book",0,2296,2296,"und",0,"ר' צבי הירש מברלין, בהסכמתו, ציין כי שבתי מיאנוב, מי שהביא את הספר לדפוס ויזם ככל הנראה את הדפסת הספר, ביקש \"לרות נפשות הצמאי' לדעת צחות ס' תהלי' בלשון העמי' אשר אנחנו חוסי' בצלם לדעת מה יעש ישראל להשיב חורפינו (?) דבר, השמים עלילות דברים בשנותם את טעם הס' הנ\"ל לפי דרכם\". על כן, הוא העתיק את תרגומו של מנדלסון \"בגופין שלהם, לגופין שלנו\".

בנו של ר' צבי הירש, ר' שאול לוין, שיבח בהסכמתו את מנדלסון על תרגומו, אך הוסיף הערה המעידה על קהל היעד שאליו ביקשו לפנות עורכי הספר: אמנם תרגומו של מנדלסון יקר לכל אדם, \"אלא שאינו שוה לכל בני פולין ואשכנז בהיות רבים לא ידעו לקרות כתב העמים על כן התעורר האלוף התו' כ\"ה שבתי במו' דוד מיאנוב לכתוב הפרוש ההוא בכתב אשורי...\"","filtered_html"
"node","book",0,2299,2299,"und",0,"ברי\"ל פונה ישירות אל הקורא: \"אל יפלא בעיניך הקורא\", כותב בראשית ההקדמה הראשונה (עמ' א), אם תמצא כי אורך המשפטים אינו שווה בשתי השפות - במקור ובתרגום...
בהקדמה הוא מציין כי הוא חקר את דרך התרגום של מנדלסון, והוא מבקש \"לחלקם גם ביעקב ולהפיצם בישראל\".
הוא פונה לקהל שאינו בקי בספרות ובתרבות הלועזית, שכן הוא רואה לנכון להקדים ולהקדיש כמה מילים לנושא המליצה, \"באשר לא מצאתי מהבחינה הזאת בספרינו כי אם מעט מזעיר, אף שהידיעה הזאת נצרכת מאד לכל קורא בשירי הקודש\". (עמ' א/2)

ברי\"ל מעודד את קוראיו להעמיק עוד יותר בנושאים בהם הוא נוגע. בהערת שולים הוא כותב: \"האריכו חכמי המעטאפיזיק לדבר על גדר יופי והפלאה...דברים טובים מאד ראוים לכל אוהב חכמה לדעתם. ואין כאן המקום להאריך בו... לא באתי אלא לעורר לב אחי על ענינים נכבדים כאלה, וכל המוסיף לבאר תבוא עליו ברכה.\" (עמ' ג/2) 
ובמקום אחר (עמ' י/1): \"אעיר את הקורא הנעים הרוצה בזה לקרות שני חלקי הספר שהבאתי לעיל בשם החכם האדון הערדר, וימצא מטעמים לנפשו...\"
כשמפנה אל ספרו של מנדלסון נתיבות השלום, מוסיף ברי\"ל: \"המצוי בודאי ביד כל משכיל אוהב תורה באחינו\".","filtered_html"
"node","book",0,2300,2300,"und",0,"בהערות בפתח הספר כותב המחבר: \"בכל מקום שתראה וידמה לדבר פשוט בעינך אל תאשמני! כי לא לגדול כמוך כתבתי ולא לפני איש כערכך חברתי כי מה אדע אשר לא ידעת? ומה הבנתי אשר לא התבוננת? אולם לאשר כערכי שולחני ערכתי...\"","filtered_html"
"node","book",0,2302,2302,"und",0,"בהקדמתו מציין וייזל כי הספר \"כלו חכמה ומוסר ודעת קדושים, ולכן צריך המפרש אותם לשום עינו ולבו להטעימם היטב, למען ימתקו בפי קוראיהם ויולידו ויצמיחו מחשבות אמת בלבותם... וידעתי גם אני כי מעטים הם המטים אזנם לחכמה והמביאים למוסר לבם, אמנם אם יועיל רק לאלה המעטים, אפילו לא יועיל רק לאחד מני רבבה אשריו... כי לא נוכל לעשות צדקה יותר גדולה מלהיות ממצדיקי הרבים, ולהביא יראת ה' בלב הנלוזים ולפשט עקמומיות שבלבם על ידי שנספר להם גבורות ה' וכבוד מלכותו... וביותר שפרושינו נשענים לבד על הקדמות שכליות הנטועות בדעת כל אדם, יבינם כל נותן לב על דרכי נפשו ומנהגיה, וזאת היא חכמת הנפש\".","filtered_html"
"node","book",0,2303,2303,"und",0,"ספר זה, המציג בשפה פשוטה (במכוון) את תרי\"ג המצוות, פונה בראש וראשונה אל \"עמי הארץ\", ולפי הצהרתו, כלל וכלל לא אל תלמידי החכמים או אל המשכילים. המחבר פונה במידה רבה אל היהודים <ins>בני ארצו</ins> וכותב בשפתם. (קסטנברג-גלדשטיין, היהודים בארצות בוהמיה, עמ' 162 והלאה. בעמ' 164 מצביעה קסטנברג-גלדשטיין על הקושי במתן תווית לשפה בה השתמש לנדאו ומציעה לכנותה
(böhmische Judendeutsch)

לנדא מציין כי מבוקשו \"לאסוף מצוות ה' בלשון אשכנזי להעתיקם. למען דעת כל עמי הארץ... ואמרתי אם יהיה ה' עמדי ויתן תמים דרכי אפלס נתיב מצוות בלשון אשכנזי לקטני שבטי ישראל אנשים כערכי... וזה הספר כתבתי בניב שפתי ובמלת לשוני בלשון אשר ידבר ההמוני לא לפני סופרי זמננו דוברי צחצחות לשון למודים, פלג לשונם בלשון עבר ובלשון אשכנזי חכם...\" (בהקדמה)

<ins>יחד עם זאת, ישנה גם פניה לקורא המלומד</ins>. לפי קסטנברג-גלדשטיין, הערות שנכתבו בעברית ע\"י המחבר היו מיועדים בדיוק לקהל קוראים זה.","filtered_html"
"node","book",0,2312,2312,"und",0,"בהקדמה מציין המחבר כי הוא מייעד את סיפרו ל\"יושבים באהלי תורה\" (דף ז')","filtered_html"
"node","book",0,2314,2314,"und",0,"פיינר, <ins>מהפכת הנאורות</ins>, מציין: \"כדי לעמוד על האירוניה ועל הביקורת הסאטירית [המובעות ב<ins>כתב יושר</ins>] היה הקורא חייב להיות למדן, כדי שיוכל לעמוד על האסוציאציות הרבות הפזורות בחיבור...\" (עמ' 189).
הספר פונה, בין היתר, אל נפתלי הרץ וייזל. כך בפתיחת הפרק האחרון בספר, פרק ח': \"הנה אנכי בא אליך, החכם המרומם... רבי נפתלי הירץ יצ\"ו, אדברה נא שלום בך...\" (עמ' טז/א).

הספר לא נועד תחילה לפירסום. הוא נשאר קרוב לעשר שנים בכתב יד (הודפס רק לאחר מות המחבר ב- 1794), אך סביר להניח כי היו לו קוראים לא מעטים.","filtered_html"
"node","book",0,2317,2317,"und",0,"לפי הכותרת, הספר פונה אל \"נערי בני ישראל השוקדים בלימודיה\" [של המליצה/השפה]. 
בהקדמת המביא לדפוס: \"אבקש מידידי הקורא, לשפטני בצדק ובמשור על דבר איזה שמות זרים שקראתי לשירים\" - בכך נהגתי כמו רמח\"ל מחבר הספר.","filtered_html"
"node","book",0,2319,2319,"und",0,"מדברי המחבר בראשית הספר עולה כי קהל היעד איננו קהל יהודי מלומד, כי אם \"<ins><strong>ההמונים</strong></ins>\". ב\"דברי סליחה\" על בחירתו בשפת היידיש לכתיבת הספר, הוא כותב שאם <ins>במקרה</ins> ייפול הספר לידיהם של מלומדים, עליהם להימנע מביקורת על בחירתו בשפה זו (ולא בצרפתית, גרמנית או הולנדית, שפות נקיות יותר) ולהבין כי זו הדרך היחידה בה יוכל המחבר להשיג את מטרתו, \"השכלת העם\": 
\"דא... דיא גראסע מעהרהייט זיינער גלויבענסגענאססען אין דיזען האללענדישען דעפארטעמענטען, וואפ'יר דיזעס ווערק גרעסטענטהיילס בעשטיממט זיין זאלל, ביזהער דיא גהעריגע שטופ'ע דער קולטור אונד דער פ'עהיגקייטען נאך ניכ'ט ערלאנגט האבען, דאס מאן זיך איהנען אין אייניגע דער אבענגענאנטען דרייא שפראכ'ען דייטליך ערקלערען קעננע, דא הינגעגען דיא אלגעמיינע יודישע שפראכ'ע, איהנען זעהר פ'ערשטענדליך איזט; זא האפ'פ'עט דער פ'ערפ'אססער דורך זיינע ארבייט זיינען גלויבנס ברידערען דיא גרינדע, די שעהנהייט אונד דען נוצען דער ''העברעאישען שפראכ'ע'' קעננען צו לערנען, דאמיט דיזע שטודיום וואפ'אן זיא דאס אנגענעהמע עמפפ'ינדען ווערדען, דיא וויסגיהר אונד דיא לופט אין זיא עררעגע אויך אנדערע שפראכ'ע גרונדליך צו ערלערנען.\" 
מנקודת ראות זו, הוא טוען, יש לראות בשימוש בשפת היידיש דבר שימושי יותר מאשר מזיק.
מהקדמתו עולה כי הוא מבקש להתאים את הספר <ins><strong>לקהל המקומי</strong></ins>, שאינו יכול להפיק תועלת ראויה מן הספרים הרבים והטובים שהודפסו <ins>בברלין</ins>, בשל הבדלי השפה.
הוא מבקש מרבנים לה<ins><strong>שתמש בספר בחדריהם</strong></ins>, ומאבות ללמוד מתוכו עם <ins><strong>ילדיהם</strong></ins>.","filtered_html"
"node","book",0,2320,2320,"und",0,"לקורא מציג גומפרץ 'ביאור על פירוש הרב ר' אברהם בן עזרא נ\"ע למגלות החמש... כי פעמים רבות בא בקצרה ודבריו מעטים ואולי לחידות נוטים כל יודעיו יתנו עידיהן כי הם סתומים ומכיריו יכירו וידעו כי הם חתומים בשגם ידיו רב לו בפי' הכתוב בדקדוק לשונו ובהבנת צחות משליו ומליצותיו ... אמרתי עת לעשות ולא אחדל להוציא מאפלה לאורה חבור כזה אף כי קטן ודל אשר תועלתו גלויה וכוונתו רצויה. והנה הוא למחברת ולתוספת לספר מרגליות טובה לפירושו על התורה שכבר נודע בשערים ונתכוונתי <ins>למען ירוץ בו היודע לקרות ספרים</ins> כי הרחקתי מאד מדרכי המפרשים הגדולים. באילן גדול דבריהם תולים ולכבודם הסתר מסתירים הביאורים לפעמים וביותר נעלם יבארו הנעלמים. לא כן אנכי עמדי. אמנם <ins>לאנשים כגילי וכערכי הרימותי ידי</ins> וככל צרכם אל הביאור בארתי <ins>וכאשר ידבר איש אל רעהו דברתי</ins>... <ins>ואל הקורא המשכיל אתחנן</ins> לבעבור יחנני ולכף זכות ידינני <ins>ועל השגיאות מי יבין אזני יגלה</ins>, וידעתי כי מצאתי חן בעיניו ואתנה לו יקר וגדולה. והיה כי אזכה להדפיסו שנית אתן לעיני השמש תודה לו... לבעבור הקים האמת על כנו והאמונה על תלה'.","filtered_html"
"node","book",0,2321,2321,"und",0,"בסוף הקדמתו כותב הורוויץ: \"לכן אספתי ראשית בכורי מחשבותי ושמתם בטנא כתיבותי והבאתי מפרי מליצותי מנחה טהורה לאלקי אבותי ולכהני ה' מורי ורבותי ה\"ה חסידי עם ה' ובני ב[...]יו ולגאוני הדור מורי בניו ולחכמי מחקרי מצפוניו יחדיו מאמיניו על ידי תורת משה איש עניו להיות אוהב ומודע לכל בני מדע... כ\"ד עבדיכם ובנכם תלמידכם ואחיכם החפץ בשלומיכם ושלותיכם בכל לב ונפש\"","filtered_html"
"node","book",0,2324,2324,"und",0,"על הקשר בין הקורא לבין המחבר ועל \"יחסי האמון\" שביניהם, נאמר בהסכמה: \"המחבר העלים את שמו ולא רצה להתודע ולהגלות באמרו כי לא לתפארת הוא לו כי תחלת פעולתו המחברת הזאת היתה לכונה שניה וגם העלותו אותה בדפוס הוא אצלו בהכרח ובביטול רצונו ... גם באמרו [המחבר?] שאינו מן הצורך להזכיר שמו לעומת מחברתו זאת אחר שאיננה בנויה על ענין תוריי מאחד מסדרי התלמוד שצריך הקורא לדעת מבטן מ יצא הכרך ואם הוא ראוי לסמוך על דעתו... כי לא היתה פעולת המחבר ואומנות עטו באמונת עתו ולא ישיג בה הקורא חוסן ישועות בחוסן ישועות ולא חכמה ודעת בחכמה ודעת רק יראת ה' היא אוצרו אשר אצר בה בחלק ממנה אשר פיו יקבנו בשם תוכחת מגולה שם תתעדן נפש הקרורא בחקירת ענין יראה ואהבה ושאר עיקרים הנוגעים לדת הקדושה ... (ושאר דבריה [של מחברת זו] הם טפלים להם והם אצלם במדרגת תיק הספר הנצלת עם הספר...) ובענינים הנתלים ביראת ה' רשות נתונה לכל אדם לדבר ואוזן השומע מלין תבחן ואם נכונה בפיו כבר אמרו קבל האמת ממי שאמרו כל אלה דברי המחבר...\"
מן הקוראים הוא מבקש \"לדין אותי לכ\"ז. גם בקשתי שלא להתעמק במחברת זאת רק לעתות הפנאי בזמן שלשה שבועות מקריאת הסדרים וישב מקץ ויגש כי דבר בעתו וכו'\"
\"ותדעו נאמנה שלא תמצא בכל המחברת מ<ins>לה זולת מלשון עברי</ins> והחפץ ימלא ידו לחפש בספר קונקורדאנציע שם ימצאנה ודרך כלל אומר ש<ins>הבקי במקרא תנ\"ך ובלשון מליצה יקראנה בשובה ונחת</ins> וימצא נחת \".","filtered_html"
"node","book",0,2326,2326,"und",0,"בהקדמתו מציין וולפסון כי ספר זה, כתרגומיו האחרים, אמור לשמש ספר לימוד לתלמידים. אך בשונה מספרים קודמים, במקרה זה כוונתו היא להפוך את הספר גם לספר קריאה. הוא מצהיר כי בתרגומו ניסה \"לנקות\" את הטקסט מכמה שיותר הבראיסמים, \"דאס זיא בייא איינם גראסן טהייל מיינר נאטציאן דיא שטעללע איינם ניטצליכן אונד אונטרהאלטענדן לעזעבוכס פ'ערטרעטען קאן\". לשם השגת מטרה זו, \"קאננטע איך פ'רייליך אין מיינר איברזעטצונג ניכט איממר מיט דעם אריגינאל גלייכן שריטט האלטן, אונד מיך אן זיינע אויסדריקקע דארשטעללונגן אונד בצייכנונגן דער דינגע זא זעהר בינדן, אלס איך עס אין מיינען פ'ריהערן איבקרזעטצונגן, דיא בלאס פ'יר דען אונטרריכט דער יוגענד בעשטיממט ווארן, גטהאן האבע\".
ראו גם אצבעות בחלונות תרגום ומהדורה חדשה.","filtered_html"
"node","book",0,2327,2327,"und",0,"ראו חלון זה בספר מלכים א'.","filtered_html"
"node","book",0,2328,2328,"und",0,"כפי שצוין ב\"קול מבשר\" לקראת צאת \"מנחה חדשה\", ספרים אלה מופנים אל קהל יהודי רחב, שכולל גם נשים. קהל זה מוזכר בפירוש בדברי ההקדשה לדוד וורטהיימר.
המחברים פונים אל הקהל ומבקשים: \"אנשי אמת!... הבינו לנו את אשר שגינו, אם במענה רך וחנינה, אם בתוכחות חמה, בכל אשר יטב בעיניכם, אם אך תפקחו את עינינו, וידענו על מה שגינו. אל תחשבו לתת בלבנו עצבת, אל נא אדוני! גם תתנו שמחה בלבבנו, להיותנו סבה לירד עד עומק כל דבר, ולעמוד על אמיתת ענינו. בלב שמח ונפש חפצה נקבל האמת מיד כל מגיש.\"","filtered_html"
"node","book",0,2329,2329,"und",0,"ראו \"קול מבשר\" ל\"מנחה חדשה\".","filtered_html"
"node","book",0,2333,2333,"und",0,"לקראת סוף ההקדמה כותב וולפסון: \"ואתם נערי בני ישראל אשר לבבכם שלם עם ה'... שימו נא לבבכם על הספר הזה למדו ותהגו בו היטיב, למען תדעו לאהבה את ה' ולדבקה בו כל הימים אשר אתם חיים על האדמה\".","filtered_html"
"node","book",0,2336,2336,"und",0,"פניה ישירה אל הקורא בסוף ההקדמות לספר: \"הא לך, קורא נעים! הנמודים(?) הכוללים אשר ראינו להעיר אותך עליהם, לסקל לפניך המסילה, להדריכך באורח סלולה, למען הרחיב צעדיך תחתיך, בפנותך ללכת אל הקדש פנימה; כי אם תמלא נפשך בידיעות האלה, אז תבין הכתובים אשר יבאו לפניך, ותדע לשפוט על העתקתנו אם היא רצויה ומסכמת עמהם, ואז תשכיל בכל אשר תפנה בבאורנו לדעת על מה אדניו הטבעו.- משכילי עם! הואילו פנו אל המנחה הזאת הערוכה לפניכם בכלי טהור! בקרו נא את מלאכתנו התכשר (?) בעיניכם. והיה אם תמצאו נועם בדברינו וערבה לכם מנחתנו, תהי נא זאת משכרתנו. ואולם אל תמנעו גם מהורות אותנו, אם שגיאה תמצאו בדברינו; כי שוקדים אנחנו לשמוע ולקבל דבריכם, ונשלמה תודות אלף אמרי פיכם. אלה דברי עבדיכם, אוהבי האמת ומכבדי התורה ולומדיה.\" [חתום: דעסוי ד' ניסן התקס\"ה לב\"ע, מחחברי מנחה טהורה]","filtered_html"
"node","book",0,2337,2337,"und",0,"בהקדמה מדגיש המחבר כי במקום ספרי דקדוק מחקריים, המצוים בשפע בעברית, מבקש הוא להעניק ספר, \"אשר יהיה לתועלת המתלמד\". (אך כפי שקרסל מציין, יחד עם היותו ספר עממי בצורתו משולבים בו <ins>יסודות מחקריים לרוב ובעיקר במקומות שהוא חולק על קודמיו</ins>.) המחברים האחרים, טוען המחבר, \"בעוצם חכמתם ורוח מבינתם חתרו לתת טעמי' נכונים לדבריהם במועצות ודעת, והאריכו למעניתם בראיות מן הכתובים... ויתערבו הפעלים והשמות והמלים למיניהם, והלכו בגדולות ונפלאות אשר לא ידעו ולא יבינו המתחילים להתהלך בהיכלי החכמה הזאת, בפרט הנערים הקטנים אשר לא נסתה כף רגל ידיעתם לעמוד על חבורי המאמרים וסדור הדבורים. והיה כל זה סבה למוקש הסדור עד אשר ילאה המתחיל למצוא דרך סלולה...\"
המחבר מציין למי מיועד ספרו: \"(א) לתועלת המתלמד הקרב אל המלאכה הזאת ... (ב) המלמד את נערי בני ישראל ינהלם לאט וילמדם מתוך הספר הזה כללי דקדוק הלשון אשר ימסור להם ולא יצטרך למסור אותם בע\"פ... גם (ג) אשר לא נסה ללמד את החכמה הזאת לאחרים אף לנערים הרכים בשנים ישמור את הדרך הזה אשר אנכי מורה וינצור ארחות חיים...\"","filtered_html"
"node","book",0,2343,2343,"und",0,"אחת מן הכוונות המוצהרות של הספר, לפי המביאים לדפוס, היא לעורר את הקהל, ובין היתר את הקהל הלמדני, אשר מקבל ללא עוררין \"נבילות וטריפות בלי טעם וסברא\", כל עוד הספר עוסק \"במשפטי התלמוד או בדברי אגדה\", אך לא כך כאשר מדובר ב\"חכמה\" (\"עברתם שמורה רק לכל הבא בעסק חכמה והשכלה או דורש לטוב בני עמינו...\").
כפי שכותבים המביאים לדפוס, הם מתכוונים לשלוח \"מקצת ספרים אל הראשים והגדולים היושבים על כסא הוראה\". בסוף ההקדמה הם אף מציגים רשימה של אותם רבנים אשר בכוונתם לשלוח להם את הספר. בראשם: ר' צבי הירש ובנו שאול (!).
בנוסף, ישנה פנייה מפורשת ומנומקת אל הקהל הרחב, להסתמך על \"הבטת עיניהם\" ולא ללכת בצורה עיוורת אחרי דברי החכמים.

המחבר עצמו פונה בתוך הטקסט אל הקהל שלו. כך למשל: \"ועתה הקורא משכיל אשר בוודאי נלאית בקריאת דברים בטלים של המחבר הזה [אותו הוא מבקר] וסתירתן...\" (עמ' כ/2)","filtered_html"
"node","book",0,2344,2344,"und",0,"כפי שעולה מהקדמתו של שולמן, קהל היעד העיקרי של הספר הוא: יהודי רוסיה וסביבותיה. הוא כותב: \"והנה עמינו ב\"י אשר במדינות רוסיא וסביבותיה איש אל רעהו יתמהו לאמר הנה אחינו ב\"י אשר בגלילות (אשכנז והאלנד וענגלנד ואיטליא) אשר נתן להם האלהי' לב בכל מדע ויתן את חנם בלב העמי' והשרים אשר אתם מדוע לא יחקרו על הדבר הגדול הזה [כלומר, \"מדוע לא נשמע מאת אחינו בני ישראל עשרת השבטים\", למרות כל הגילויים החדשים]...\" - כלומר, מבדיל בין יהודי מזרח אירופה ומרכזה/מערבה - אנחנו והם.","filtered_html"
"node","book",0,2345,2345,"und",0,"מן ההקדמה הראשונה עולה לאיזה סוג קהל הוא מבקש לפנות, איזה קהל הוא מבקש לשרת: \"אין אנו יכולים לעלות בעליות החכמה ולראות בעינינו, מה שראו ברי' נמוכה חכמי קדמונינו, בירושלים עיר הקדש יסוד אדמתינו, אבן שתיה אשר שתו ממנה כל הצמאים, גדלו והצליחו וגם עשו פרי עד שהגיעו למדריגת הנביאים, הלא נאמן הוא בבריתו וקיים מאמרו להותיר לנו בכל דור ודור שריד ופליט פליטת החכמה... כמו שהבטיחנו, לשלוח  מלאך לפנינו, להאיר את עינינו, בחשבון ראיית החדש, לקיים מצות עשה לחשוב ולידע ולקבוע באיזה יום תחלת כל חדש, כמו שמבואר בספר תורת משה רבינו הקדוש. <ins>ואם דבריו טמונים ונעלמים למפרשי דבריו אודת קוצר ידיעותם בחכמת המדידה והמשולשים</ins>, הלא גלוי וידוע כל תוכן דברי רמב\"ם זצ\"ל ליודעי בינה לעתים בחשבון תקופות וחדשים, ע\"פ מופתים אשר העידו עליו החושים... וספרי חכמה זו היו מימי קדם בכל לשונות המפורסמים ובפרט בל\"הק, אבל <ins>אחרי כן שנתדלדל החכמה מישראל</ins> בעו\"ה <ins>נתמעטו ונתאבדו ספרי חכמה זו בל\"הק ולא נשארו בידינו</ins> כי אם בל\"א, ו<ins>חדשים מקרוב באו והתחילו להעתיק ספרים האלו</ins> מל\"א ללשון הקודש, וככל זאת לא יצאו ידי חובת ביאור לבאר כל החשבונות הנמצאות ברמב\"ם זצ\"ל, ובגלל זה <ins>מי שחשקה נפשו ללמוד להבין הלכות ק\"ה להרמב\"ם זצ\"ל ולא מבין לשונות אחרים</ins> מן הנמנע הוא אצלו להגיע בדרך
האמת שהוא המופת היורה על פרטי חשבונות האלו, <ins>ואפילו להמבינים ל\"א אין בידינו פירוש נכון בציורים נכונים המספיקים לבאר דברי הרמבם</ins> זצ\"ל... ושינה נדד מעיני ומעפעפי מנוחה, עד שמצאתי את שאהבה נפשי להעלות על הכתב <ins>בלשון נקי' וקלה</ins> פי' נכון על הלכות ק\"ה להרמב\"ם זצ\"ל בציורים נכונים המתוקנים לפי דרך האמתי: ... להבין הלכות האלו ידוע לכל המבינים, שהכרח הוא <ins>להתחיל בחכמת המדידה והמשולשים</ins>, ע\"כ אוציע בתחלה את כל דרכי למודים האלו בלשון צח ונקי, בלי טעות וחבוקה/מבוקה, לבל תהי' בפי המון למכשול... <ins>וכדי להקל על הקורא</ins> ציינתי בציונים נכונים ... <ins>ולתועלת המתחיל</ins> אבאר את הציונים הנזכרים בדרך פרט, ואחר השלמת למודים האלו אתחיל בע\"ה לפרש דברי הרמב\"ם זצ\"ל בפי' נכון על כל הלכה והלכה, הן הלכות המוסדות על אדני חכמת התכונה, והן הלכות הנובעות ממקור ים התלמוד בבלי וירושלמי, ובסוף החיבור אבאר את דרכי חשבונות הנזכרות בדברי רמב\"ם זצ\"ל ע\"ד חכמת המשולשים, <ins>כדי שיהיה ביד כל אחד ואחד לעשות לוח נכון ומתוקן</ins>.","filtered_html"
"node","book",0,2348,2348,"und",0,"רשימת החותמים כוללת שמות של שליטים ומלומדים לא יהודים. בעמוד השער של חלק זה מוזכרים שמותיהם של חותמים מעין אלה.","filtered_html"
"node","book",0,2352,2352,"und",0,"המתרגם בהקדמתו מציין כי הביאור שעשה אוטנזוסר הוא \"בלשון קל ומובן לכל קורא\". כמו כן הוא פונה אל הקהל: \"ואתם, בחורי חמד! לכו נא אל באר מים חיים, כרה נדיב העם, במחוקק בידו! שאבו מימי ישועה מבארו, וחיים מדליו!\"
המבאר כותב: \"כל איש משכיל, נבון דבר, יפלא על המראה, בקראו שתים, שלוש דלתות מאמרי שפר, מליצות הרב הבדרשי נ\"ע ... והנה קם רעי היקר... ותרגם את דברי המליץ הנשגב הזה בלשון אשכנזית, צחה וברה, להועיל לקוראי אמרותיו... וגם אני לא טמנתי ידי בצלחת... ולויתי את התרגום האשכנזי בביאור הענינים, ובפירוש הוראת המלות, לפי גדר שרשיהן ומוצאיהן ובעקבות דקדוק ומחקר הלשון דרכתי, לרגל המלאכה, אשר לפני, ולרגל ילדי ישראל, המבקשים חכמה ודעת.\"","filtered_html"
"node","book",0,2355,2355,"und",0,"בסוף הקדמתו פונה המחבר אל הקוראים - ומנחה אותם כיצד לקרוא את ספרו.","filtered_html"
"node","book",0,2358,2358,"und",0,"ראו הקדמת המחבר.

הספר נועד גם להדרכת דרשנים - ראו מבוא לספר (חלון \"מבנה ספר\").","filtered_html"
"node","book",0,2360,2360,"und",0,"בהקדמתו כותב המחבר: \"כל איש נלבב... ומי ששכלו צח ונפשו שלימה לא יאות לו להוציא שנותיו בשנת תרדמה וכל מאמצי כחו יוציא אל הפעל כפי מדרגה הכנת תכונתו. ואל ישליך מעליו משא העיון ועמל החקירה להשען על תבונתולהסתפק במה שיעלה על רשת דמיונו בהשקפה ראשונה בתחיל' הדעת אבל ישתדל לעיין היטב בחקירתו\". הוא פונה אל \"האיש החוקר חקירה שלימה ועמוקה\".
לפי צוויפ, ספריו של הנאו 
[were] primarily written to support biblical translation and exegesis (89).","filtered_html"
"node","book",0,2361,2361,"und",0,"בעמוד השער נכתב על מעלותיהן של האגרות, \"וזאת היא לתועלת אנשים אשר נפשם חשקה לכתוב צחת, בו ירוו נחת...\"","filtered_html"
"node","book",0,2362,2362,"und",0,"בהקדמתו אומר הורוויץ: \"והאמת עד לעצמו שמצאתי דאתי' לידי מעט מחבורי בני עמינו דברים כאלה לחיי' העלום. אך ראיתי והנם מסוקלים באבני משקל השירים יתירים וחסרים ומחוזקים ביתדות והתנועות נדות ונעות וסגרו הדלת מעם הדלת. ואף כי תבניתם מזהב מופז ומפנינים יקרים מ\"מ לא ידעו ולא יבינו המבין עם התלמיד את תבנית ישרם... ולא כן אנכי עם ביתי וכי דעתי ולבי לעשות כווני\"ים למלאכת השמים ולהחזיק את הנפשרות החלושות כמוני כמוהם ולא יאבד נפש אחת מהם כי פתחתי את הפתח תקוה בעמק השו\"ה ומשוה קטון וגדול שם ימצאו את החמדה גנוזה היתה לי והוצאתיה לאור...\"","filtered_html"
"node","book",0,2368,2368,"und",0,"בהקדמתו כותב זולדין: \"ואתם חכמי וסופרי גדולי הערך לא לכם הוכל מנחתי אך לשועלי קטני כמוני. פן תפקחנה עיניה' וידעו כי ערומים הם ויחמדו את ארשי ולקחו מדבשי ומשמני. ותארנה עיניהן. ויהי להן לתרופה ויציצו כעשב השדה. וציצת נובל יהי לגן אדרת יוסיפו חכמה ודעת קדושי' ימצאו ויראת ה יאצרו. ובזה אני בא לפתוח לכן שער חבורי אליכם אישים אקרא אלופי וראשים הגדולי עם הקטנים. וכל העדה כולן קדושי. בואו דרך שערי... אך מפיל אני תחונתי לפניכ' קלי המרוצה אל תפחזו כמים לבכם חוסו נא על שושנת החוחים למה תחי למר[_]ס רגליכם כד הצעיר עבדיכ' דורש טוב ודובר שלום לכם ולזרעיכם.\"","filtered_html"
"node","book",0,2380,2380,"und",0,"ראו בחלון \"הקדמה\"","filtered_html"
"node","book",0,2382,2382,"und",0,"רומנלי מציין בהקדמתו: \"לא שמרתי דת החרוז לא כי יבצר ממני... אבל בעבור כי נעם החרוז מפתה אזן הקורא, מטה אותו מהתבונן עומק הענין ולפעמים במסוה יפיו מסתיר השגיאות מנגד כעיניו... וגלוי לפניך מה שכתב אלכס\"נדר פו\"פי בחקירותיו...\" 

בסוף ההקדמה כותב המחבר: \"ואתה עתה קורא ברוך יאל, השמר לך ואל תבהל ברוחך להרשיע בחבורי זה ענין אחד או דבור או אף אלו אות אחד טרם תדרוש ותחקור ותשאל היטב מאין מוצאו ולאין מובאו ואל בינתך אל תשען כי אף אם אתה חכם מדניאל אולי תמצא סתום אשר עממוך ובהשקיט רוחך תגלה מה שיסתיר הפחזות מנגד עיניך. והיה ברכה.\"","filtered_html"
"node","book",0,2383,2383,"und",0,"לקראת סוף ההקדמה, פונה דובנא ישירות אל קהל הקוראים וכותב: \"ועתה אחי ועמי! אודיעכם כי רצוני להדפיס חמשה חומשי תורה באותיות יפות ודיו ונייר יפה מוגה ומדויק כפי הכח האפשרי...\". הוא מתאר את יתר מעלותיו של אותו פרויקט, כשמגמתו המוצהרת היא לגייס מממנים וקונים לביאור. בהמשך הוא כותב: \"לכן אליכם עם ה'! החלצו נא חושים לבוא לעזרת ה' בגבורים ומכחכם שחדו בעדי לתת לכסף מוצא למען יהנו רבים מאורו וזה הדבר אשר תעשו לקוח ספר התורה הזה בעד 1/2 7  זהו' האלענדש על נייר פשוט - 9 זהובים האלענש על נייר טוב\".
המחבר גם פונה אל מוכרים פוטנציאלים של הספר, באומרו: \"וכל מי אשר לא תשיג ידו לקנותו יוכל להשיגו באופן אחר, אם ירצה להתעסק להשיג חתומים יקבל שכר טרחתו בעד עשרה חתומים חומש אחד וכן בעד כל עשרה ועשרה.\"","filtered_html"
"node","book",0,2384,2384,"und",0,"בהקדמתו מוסר המחבר כי מטרתו בכתיבת הספר היא לשתף מורים אחרים בשיטת לימוד העברית שהוא יישם בבית הספר שבראשו הוא עמד (בברסלאו). \"איך גלויבע... דאס עס זעמטליכ'ען לעהרערן אונזרער נאציאן ניכ'ט אונווילקאמן זייען דירפ'טע, ווען איך איהנן דאס האנדבוך מיטטהיילע, דאס איך אין דיזר אבזיכ'ט פיר דיא לעהרער דער אונטרן קלאססען בייא אונזרער שולע אויפ'גזעצט האבע\". (עמ' 

II.
הוא כותב בפרוש כי ספרו מיועד <ins>למורים</ins>, לאו דווקא <ins>לתלמידים</ins>  (אם כי אין לו הסתייגות מכך שגם התלמידים יטלו את הספר לידיהם, אך לא ללא הדרכה.)(הקדמה, עמ' 
IV","filtered_html"
"node","book",0,2385,2385,"und",0,"העובדה כי המחבר עצמו שלח את הספר אל מערכת \"המאסף\" מרמזת לכך כי הוא נועד בין היתר לקהל של המשכילים.","filtered_html"
"node","book",0,2386,2386,"und",0,"ברלין פותח בקריאה אל \"הולכי על דרך, אלה בעלי משנה ותלמוד, המעיינים בדבר הלכה...\" ובהמשך, כשמביע את כוונתו להדפיס את הספר \"בשמים ראש\" והצורך במימון, כותב: \"אקרא אני אל כל לומדי תורת חסד ואמת... אקרא אני אל בעלי העיון הישר והחדוד האמיתי וההוראה המחוודת [או: המהוודת]... אקרא אני אל מאהבי התורה ולומדיה, הגבירים אנשי צדק החפצים לזכות הרבים...\"","filtered_html"
"node","book",0,2395,2395,"und",0,"בהקדמה שתרם לספר פונה וייזל אל קהל יעד אפשרי, <ins>היראים לתורה</ins>: \"ואם יאמר אדם אין אנו צריכין לעדותן של חוקרים, <ins>תורת ה' אתנו והיא תלמדנו</ins> כל זאת? נאמר לו יפה דברת, כי התורה הזאת מראשה ועד סופה, כלה אומרת כבוד על נשמת האדם... אבל לא בעבור כי התורה תלמדנו כל זאת, בוז נבוז לדברי חקרי לב... עלינו להתבונן מדעתנו ולחשוב מחשבות ישרות בעומק הענינים, ולשמוע מפי סופרים וספרים מכתבי יושר ודברי אמת...\" (עמ' שלישי בהקדמה).

אך הספר מיועד גם ל<ins>קהל יהודי אחר</ins>: \"ספרים כאלו שמוצאם מדברי חכמי העמים שהלכו בדברים רבים בדרך אמונה, אותות הם <ins>לבוזי חכמה ומוסר</ins>, ותוכחות <ins>לעוזבי תורה</ins>, כי כאשר יבינו אל מעשה העמים הקדמונים אשר לא ידעו את ה'... איך גם ביניהם קמו אנשים יחידים, אנשי שם בכל חכמה ובכל מדע... שהתנשאו מעל לדיעות ההמון, ופרסמו מציאות השם ואחדותו, מציאות הנפש והשארותה אחרי המות... אף כי בני אדם אשר תורת ה' אתם... שיבושו להרים יד בראותי' ובאמונותיה, לא בצדק ולא בישרת השכל, כי אם כפי העולה על רוחם.\" (עמ' חמישי ושישי בהקדמה)

דומה כי וייזל ראה גם כקהל יעד של התרגום <ins>יהודים היושבים במדינות אחרות</ins>. הוא כותב: \"המחברת הזאת פעדאן, המלאה דרך אמונה, טוב טעם ודעת...והיא כתובה בלשון צח אשכנזי, <ins>שאינה מובנת לכל אחינו בכל מושבותיהן</ins> הי', על המעתיק תבוא ברכת טוב, כי בשר צדקתה בקהל רב\" (עמ' חמישי בהקדמה).","filtered_html"
"node","book",0,2399,2399,"und",0,"בסוף ההקדמה הראשונה פונה המחבר אל הקהל הרצוי מבחינתו:
\"ועתה אליכם שלומי אמוני בית ישראל! <ins>אוהבי האמת</ins>, אליכם <ins>מביני מדע</ins>! אליכם אקרא, על פיכם יבחן מחברתי הן לטוב הן לרע, לכם המשפט, בפניכם נענה ראשי בכבודכם אכדבה, וכי ימצא ספרי חן בעיניכם אזי ישמח וירחב רוחי, או אז אדע כי הגעתי את מטרת לבי שויתי לנגדי, וכי לא לריק עמלתי, ואתעודד אוסיף תת כחי הוציא לאור חלק שני מרבי עקיבא.

<ins>לא אליכם לצים! לא אליכם בוערים בעם!</ins> עליכם נעדרי הלבב הרחוקים מצדקה, עליכם בל אחוש, על דבריכם בל אדאג, מפחדכם אחור בל אסוג, שבט רשע כסלתכם בל אירא, בגדפת לשונכם נפשי בל יחרף -- אף אם תהללוני בל אתהלל במאמר החכם: אות רע הוא אם מלאכתי לא תמצא חן בעיני המבין, ויותר אם גם תהלת הכסיל תגיעיה. ושנוי בכתובים, מצרף לכסף וכור לזהב ואיש לפי מהללו, ר\"ל לפי שווי וערך המהלל יערך ויבחן המהולל. 

לבי לחוקקי ישראל, נדיבי העם הישרים בלבותם! השופטים בצדק את עמיתם, אחלי! אמצא חן בעיניכם, ואם נטמן העון בחבי הורוני ואצטדק, כי אני בתמי הלכתי ואם שגיתי שגיאות מי יבין?\"","filtered_html"
"node","book",0,2403,2403,"und",0,"הטקסט פותח בקריאה: \"הקשיבי אזניך בת עמי! ושמעי, כי בשורה בפי. האזינו רוזנים!...\" המחברים מסבירים כי המפעל שהם מקדמים מיועדת לקהל רחב, לאנשים שאינם יכולים להרשות לעצמם לרכוש ספרים יקרים, ושאינם שולטים בשפה העברית: \"המקראות גדולות אמנם מלאים פירושים על כל גדותם אך רב מחירם מהיותם מקנה כל איש ואיש. ומה יעשו נערי בני ישראל אשר קצרו ידם מהשיג הפירושים אשר בלעדם לא ידעו ולא יבינו והי' להם המקראות לאלפים כדברי ספר החתום? ומה יעשה דלת הארץ אשר גם עליהם להגות בתורת ד', וחלק ונחלה אין להם בלשון הקודש? זאת העיר רוח קצת בני עמינו מקדם לתרגם תנ\"כ אל לשון אשכנז\".

אמנם היו בנמצא תרגומים לספרי התנ\"ך, אולם המחברים מצטרפים אל הביקורת שהושמע גם ב\"נתיבות השלום\" בדבר איכותם של תרגומים קודמים, הלשון העלגת, הבעיות שנוספו בעת הדפסת התרגומים, וכו'. \"והנה נערי בני ישראל אשר צמאה נפשם אל דבר ד' ואל ספרי נביאיו, ילאו למצוא את אשר יבשו, למלאות נפשם כי ירעבו אל תרגומי חכמי נוצרים ישימו עיניהם וישאבו מים מבורות זרות ויהי להם למוקש כי המתרגמי' הנוצרים אל קבלת חז\"ל לא ישמעו ואל דברי מסורה לא יטו אוזן. איש כטוב בעיניו וכעולה על רוחו יפרש הכתובים. ימירו נבואות, יחליפו חזיונות, ויעקשו מליצות כאשר יכשר אל דעתם ותורתם...\"

עוד מצוין בטקסט כי הכוונה לפנות אל \"גמיינע מאן, אונ' דאס אונגלעהרטע וויב\", על מנת שיכולו אף הם לקרוא את דברי האל, \"בהנאה\". שוב ושוב מדגישים המחברים כי כוונתם לפנות אל שכבה רחבה, והלשון שיבחרו לתרגום תהיה בהתאם. במקרים בהם ישתמשו במלים \"קשות\", תוצמד הבהרה.","filtered_html"
"node","book",0,2404,2404,"und",0,"ישנו טון מאד פסימי בדברי המחבר בנוגע להתקבלות השיר (ובכלל בכל הנוגע להתקבלות ההשכלה בקרב תושבי אמסטרדם - ראו דברי המחבר בהקדמתו בנוגע לשלמה דובנא, שהובאו בחלון \"פרטי יוצר הספר\", לשונית \"קשרים\", שדה \"קשרי ידידות...\"). כשהוא פונה אל יעקב ששפורטס, אליו מכוונת ההקדמה, הוא כותב: \"האח יקר לי, יעקב אהובי! לכה נא איעצך, ואגיד לך מה יהי' אחרית ודבר השיר השלום הזה בבואו תוך קהל עדת בני ישראל. <ins>גם כי יחנוני בני חיל המשכילים בלה\"ק ויהללוני בשערים קולם לא ישמע למרחוק, מרוב צעקת כסילים</ins> ותשואה מלאה כסיר ירתיח, קול ההמון רגז ושחק ואין נחת. זה יאמר אין לי חפץ בו, כי לא ידעתי ממנו דבר. וזה יאמר נבחר כסף משיר, ועשה שבתך ממנו. ורעים מכולם אלה הבוערים המתחכמים - ואין חכמה, המתבוננים ולא תבונה להם, כי יגידו: השיר הזה לא הוד ולא הדר לו. יען לא נמצאו בו דברי כתובים הנשמעים לשני פנים, ואין נקוד וטלוא בככת'בים...<ins>על כל הרעה ועל כל התלאה הזאת יבהל לבב המשכילים ודורשי חכמת המליצה הוסגו אחור</ins>. אנא ה' פקח נא את עיני האנשים ויראו!\" 
את השיר הוא מעניק לאותו יעקב ששפורטס, ומעמיד אותו כשופט לגבי השירר (\"אתה השופט בצדק גם את אחיך ואוהביך תרשיע... כי ישגו\"). אך חשוב לו גם לקבל את ההוקרה מאת המשכילים בברלין: \"אתה אלופי ומיועדי ידידי ורחימי! קחה נא את השיר השלום הזה, כי לך הבאתיו למנחה, וכי תחון ותרחם אותו ותאהבהו ישמח לבי גם אני - הלא בני הוא וגם ילדתיו. אהבתי כי ידעו כל יושבי העיר, וגם יושבי עיר מולדתי ברלין המלאה חכמים ושרים כחוללים, ידעו ____ באהבתך ורום לבי וגבה מאד ובגאותך שחקים ארכב ואעוף.\"","filtered_html"
"node","book",0,2406,2406,"und",0,"\"לאחינו בני ישראל\"","filtered_html"
"node","book",0,2410,2410,"und",0,"הפנייה היא אל יהודי רוסיה במיוחד","filtered_html"
"node","book",0,2413,2413,"und",0,"המחבר לא מציין את קהל היעד שלו, אך ניתן להבין מן השימוש בעברית כי הוא פונה לקהל יהודי כללי","filtered_html"
"node","book",0,2415,2415,"und",0,"בכותרת: החיבור מובא \"תחת מכבש הדפוס כדי להפיק תשוקת התלמידים אשר נדב לבם אותם לקרבה אל מלאכ' חכמת הדקדוק\".
כדברי המחבר בהקדמתו: \"אני אומר על חבורי ספר צוהר התיבה שהוא מלא חכמה ומדע בו יתענג הקורא המשכיל וימצא מרגוע לנפשו. והאנשים האלה ברוע תכונתם ושלהבת קנאתם עלה באשם ותעל צחנתם לשום כל מגמתם להחשיך צוהר זוהר התיבה ולסלף דברי צדק... ואליכם אישים אקרא וקולי אל בני אדם שמעו נא חכמי האזינו אנשי מדע חלילה לי מהחדל מלהודיע אתכם את אשר העליתי ואשר הבאתי בספר הנכבד ההוא הוא ספר צוהר התיבה...\"","filtered_html"
"node","book",0,2422,2422,"und",0,"ראו הקדמת וולף, יוסף, עמ' [5], וגם במבוא, עמ' [9-10] (ראו פירוט בשדה \"מבוא\" בחלונית \"מבנה הספר\"(.","filtered_html"
"node","book",0,2428,2428,"und",0,"כדברי יהודה ייטלש בהמלצתו, התרגום והביאור יועילו למלמדים בבואם להסביר את הדברים לתלמידיהם. רבים מבין המלמדים \"אשר חתרו ים ההגיון ולא יכלו להמליץ לזולתם, והנה עד עולמי עולמים נשאר למודי הספר הזה במוחיהם היגיון סלה, מאין הבין לאחרי' בלעגי מעוג בשפתם, נלעג לשון אין בינה, ורק על ידי ההעתקה הזאת יושג התכלית המבוקש ללמוד וללמד ובפרט על ידי שהציג המעתיק לפני פתח כל שער ושער את למודי הלאגיקא אשר אסף מספר חכמי העמים יובנו דברי הרמב\"ם יותר ויותר\"","filtered_html"
"node","book",0,2433,2433,"und",0,"המחבר לא מציין את קהל היעד שלו, אך מעצם השימוש בעברית יש להניח שפנה לקהל יהודי קורא עברית","filtered_html"
"node","book",0,2436,2436,"und",0,"מעצם השימוש בעברית ובגרמנית ומכך שמדובר בתפילה ליום הכיפורים, ניתן לגזור כי זהו קהל היעד","filtered_html"
"node","book",0,2444,2444,"und",0,"לא נאמר במפורש, אבל נועד לקהל יהודי המבקר בבית כנסת: יש תפקידים לחזן ולקהל המתפללים","filtered_html"
"node","book",0,2447,2447,"und",0,"מעצם השימוש בעברית וגרמנית גם יחד ניתן להניח כי הפנייה היא לקהל היהודי והלא-יהודי גם יחד, אם כי אין אמירה מפורשת בעניין","filtered_html"
"node","book",0,2451,2451,"und",0,"בסוף ההקדמה (לחלק ב') כותב בוכנר: \"ועתה אוהבי קורא נעים נפשי יודעת מאוד כי אחד מעיר כו' אשר יתבונן דקות מלאכת השיר הזה, דק על דק עד אין נבדק, וליתר ההמון כאין נחשב... קצת אנשים בראותם איזה דבר נפלא ונורא, ולבם צפון משכל ולא יכולו לעשות כמעשהו, תבער אש הקנאה בהם, וצוף המליצה אצלם לשמצה, יש אשר יאמרו לא לצורך הוא, ויש אשר יאמרו על מי מוטל לרשום בזכרונו איך אלה התיבות כתובים בתנ\"ך, כל אחד לפי שכלו השכולה פרי ההגיון יקוסס, וכל זה בא כי לא רגל על לשונם ספרי תנ\"ך ולא ידעו שורש המלה אף לא יבינו שמות משתפים ושמות נרדפים, גם עת עין השגתם מראות איזה דרך ישכן אור המליצה. הנה מאנשים כאלה לא יחרף לבבי כי גם שנאתם גם קנאתם לא יחבולו בי.\"","filtered_html"
"node","book",0,2453,2453,"und",0,"וייזל מפנה את ספרו הן \"לקורא המשכיל\" והן \"לקורא דל התבונה\". (עמ' [9] בהקדמה)

לפי שאנן, א', עמ' 65, הספר מופנה בין היתר לאלה שמבקשים לנסות את כוחם בספרות העברית. \"שאיפה מודעת ומרובת יומרות לוויזל [היתה] להיות דוגמא ומופת למשוררים עבריים\", כותב שאנן, ומצטט מתוך דברי המבוא של וייזל: \"ללמדם דרכי השיר ובמה ינעם אל לב הקורא, וירגילו עצמם לעשות כמתכונתו\".","filtered_html"
"node","book",0,2454,2454,"und",0,"בהקדמתו, פונה וייזל אל \"<ins>הקורא המשכיל</ins>\": \"קורא משכיל התבונן  אם לא כדברנו כן הוא...\" (עמ' [5] בהקדמה).
ובסוף ההקדמה (עמ' אחרון): השירים כוללים \"דברים במליצות התורה הסתומות, וחדשנו בהן כונות עמוקות הולכים על דרך הפשט, יבינום <ins>הקורא המשכיל</ins> ממהלך השיר...\"","filtered_html"
"node","book",0,2455,2455,"und",0,"בתום הערות המחבר אשר בסוף הספר, כותב וייזל: \"ויש בזה עוד דברים אבל בחרתי לקצר... מלבד ארבעה אלה [4 ההערות שפיתח לעומק בסוף הספר] יש דברים רבים חדשנום בשירים אלה, אבל לא ארמוז עליהן, <ins>כי הקורא המשכיל יבן הכל מדעתו אם ישים לבו לדברנו</ins>.\"","filtered_html"
"node","book",0,2456,2456,"und",0,"בפתיחת הערותיו בסוף הספר כותב וייזל: \"כל מבין בשיר, כשיראה שירי תפארת הללו, ויבין כי אין מגמתנו בשירי כבוד כאלו לשעשע זולתם במליצות ערבות לקוראיהם, בצחות הלשון וביופי המאמרים, אבל כל הנאמר בהם הוא בעבור תת דעת לבני גילי להבין בספורי התורה, ולקשר (בקרסי?) המליצות מאמריה הקצרים, ומה שראוי להתבונן בהם, עד שיכנסו דבריה בלבו של אדם, כי ההספות שהוספנו בכל ענין וענין, והדברים ששמנו בפי המדברים, כלם יסודתם בתורת ה', ורק הרחבנו הדברים שקצרה בהן התורה, <ins>והניחם לכל משכיל להתבונן בהם</ins>, וזאת עשיתי גם אני. ובטוח אני ש<ins>הקורא המשכיל</ins> תסכים דעתו לדעתנו שכפי מה שכתבנו או קרוב להם כן התגלגלו הדברים, ולכן כל כיוצא באלה לא אתעורר עליהן בהערות הללו, רק אב אר פה מקצת מקומות סתומים שבחוברת הזאת, והן המקומות הנוסדים על <ins>פי' חדש שחדשנו במקראות התורה, ולפי שלא פירשו כן המפרשים ז\"ל</ins> שקדמוני, נעלם ענינו גם מן הקורא המשכיל, ועל ידי ההערות שאציע פה יבינו במליצת השיר ועל מה יסדנו דברינו.\"","filtered_html"
"node","book",0,2457,2457,"und",0,"בהקדמתו מתייחס המחבר אל \"הקורא המשכיל הנותן כבוד לתורה\".  (עמ' [2])

בהערותיו בסוף הספר כותב וייזל: \"היה ראוי לעורר על כל הכתוב בהן [בשיריו], ולהגיד מה ענינו ולמה כתבנוהו, אלא ש<ins>אנו סומכין על הקורא המשכיל כי יבין מדעתו</ins> איך דבר דבור על אפניו, וילמוד מתוכו המעט שכוננו אליו, זולתי מקצת מקומות שבהן הנוסדים על פרושים חדשים שהוצאנו מדעתנו, אין מהן דבר בפרושי הקדמונים ז\"ל, עליהן אני צריך להעיר בעבור הודיע לקורא על מה דברי השיר ערוכים...\"

דומה כי הספר נועד גם ל<ins>קוראים מלומדים לא יהודים</ins>. כפי שהמחבר מעיד, הוא נועד בין היתר לסתור \"דברי הבל\" שכתב מלומד לא יהודי בנוגע לטביעת פרעה וחילו בים סוף: \"בשיר הזה [השיר הי\"ג] השבנו דבר לדוברים עתה בגאוה ובוז על הפליאה הזאת, כמו שעשה אחד מנבוני העמים, ששלח יד שכלו, וכחש בחקירותיו במעשה הפליאה הזאת, ולא אעלה הבליו על ספר, כי נאצות הגדולות הם לא יזכרו ולא יפקדו ולא יעלו על שירים הכתובים לכבוד ולתפארת לה' ולתורתו ולנביאו נאמן ביתו, אך קנאתי לה' ולדבר קדשו ולמשה עבדו, והוספתי בשירי זה עוד דברים חדשים בם <ins>השיבותי על דברי הבלים ודמיונות שוא</ins> שההביל ושדמה המחבר הנ\"ל בענין זה, ולא באתי להקטין מעלתו ועיונו בלמודיות טבעיות ומדיניות, אך באלהיות הסכיל עשה, איש נשען על בינתו איך יבן אלה, ובעומק המקראות שבתורה איך ידע, סוד ה' ליראיו, כאשר היו אבותינו קדמונינו ז\"ל\".","filtered_html"
"node","book",0,2465,2465,"und",0,"ישנן פניות ישירות אל חברי האגודות.","filtered_html"
"node","book",0,2468,2468,"und",0,"נראה שהטקסט פונה לקהל יעד יהודי ולא יהודי גם יחד, אם כי אין כאן פנייה מפורשת","filtered_html"
"node","book",0,2471,2471,"und",0,"כך כתב וולף על הסיבות שבעטיין תרגם את הדרשות לעברית:
Auch habe ich die Mühe nicht gescheuet, meine Reden ins Hebräische zu übertragen, damit auch derjenige Theil meiner Mitbrüder, welcher der deutschen Sprache nicht kundig ist, sich von dem Inhalte derselben überzeugen möge.","filtered_html"
"node","book",0,2472,2472,"und",0,"הספר פונה אל \"יונגע לייטע אונזרר נאציואן\", ומטרתו \"מעהר אונטער דעם אנשיין דעס פ'רגניגענס אלס דער אונטרווייזונג אונפ'רמערקט צור טוגענד אונד רעליגיאן צו לייטן, דיא שלוממערנדן געפ'יהלע צו וועקן, דאס הערץ צו בעססרן, דיא זעעלע מיט ריינן געדאנקן צו ענטצינדן אונד פ'ערטרויען אן גאטט אונד זיינע געבאהטע איינצופ'לעסן...\"
הספר מבקש גם 'דיא גרויזאמן ווירקונגן דעס פ'אנאטיסמוס איינע אנשפילונג אויף דיא עראברונג פ'אן אמעריקא, דיא פאריזר בלוטהאכ'צייט א' ד' ג' מ''.
המחבר פונה גם ישירות אל הקוראים <ins>והקוראות</ins>, ומבקש מהם לא להתיחס אל הספר כאל סתם רומן מבדר, כלומר, \"לא לקרוא מהר ולזרוק\" אלא לקרוא בעיון כל קטע, פעמים או יותר, במטרה מוצהרת ללמוד ממנו מוסר. \"איך ווינשע דאס מאן ניכ'ט דיא צייט צו פ'רטרייבן זאנדערן זיא ניצליך אנצוווענדען זוכ'טע\".","filtered_html"
"node","book",0,2477,2477,"und",0,"היתייחסות אל קהל היעד: בדברים שצורפו ל\"כותרת\".","filtered_html"
"node","book",0,2478,2478,"und",0,"ראו ההקדמה","filtered_html"
"node","book",0,2480,2480,"und",0,"זו \"תפילה\" לשלום המלך והמלכה. המחבר פונה אל היהודים - שיתפללו לשלום המלך והמלכה. אל האל - שיברכם. ובאופן עקיף, אל המלך/השלטונות - מראה את מחויבותם של היהודים לשלום השליט.

…ruhen soll die Königswürde auf unserm Vaterlande - לשכון כבוד מלוכה בארצנו","filtered_html"
"node","book",0,2482,2482,"und",0,"ייתכן כי קהל היעד היה גם קהל גרמני, נציגי השלטון למשל.","filtered_html"
"node","book",0,2485,2485,"und",0,"ניתן להסיק שהספר פנה לקהל יהודי בשל השימוש בעברית והעיסוק בתפילות","filtered_html"
"node","book",0,2487,2487,"und",0,"בפתיחה מציין פרנקו מנדס כי תכלית וכונת הספר היא: א) להציג בפני הקהל היהודי סיפור שאינו מוכר מדי, בשל מעמדו של ספר יהודית כספר חיצוני. ב) \"להראות לעמים ולשרים הישרים אוהבי דעת לשוננו הקדושה הנצחית המסוגלת והשלמה מכל הלשונו'... כחה להעתיק בה כל פרטי שכיות לבבות החכמים ומשכילים הכתובים בארצותם בלשונתם לגוייהם הן בהלצה והן בשיר מבלי נטות מני דרכם...\". ג) \"להגדיל הדרת ומעלת בית מדרשינו המשנה הגדול עץ חיים בהוצאת איזה חיבור מהכח אל הפועל...\"","filtered_html"
