"entity_type","bundle",deleted,entity_id,revision_id,"language",delta,field_topic_tid
"node","book",0,1953,1953,"und",0,421
"node","book",0,1953,1953,"und",1,422
"node","book",0,1954,1954,"und",0,421
"node","book",0,1954,1954,"und",1,428
"node","book",0,1956,1956,"und",0,431
"node","book",0,1958,1958,"und",0,434
"node","book",0,1958,1958,"und",1,435
"node","book",0,1959,1959,"und",0,421
"node","book",0,1960,1960,"und",0,443
"node","book",0,1960,1960,"und",1,444
"node","book",0,1960,1960,"und",2,421
"node","book",0,1960,1960,"und",3,445
"node","book",0,1960,1960,"und",4,428
"node","book",0,1961,1961,"und",0,421
"node","book",0,1961,1961,"und",1,428
"node","book",0,1962,1962,"und",0,421
"node","book",0,1962,1962,"und",1,428
"node","book",0,1963,1963,"und",0,450
"node","book",0,1963,1963,"und",1,451
"node","book",0,1963,1963,"und",2,421
"node","book",0,1963,1963,"und",3,452
"node","book",0,1963,1963,"und",4,453
"node","book",0,1964,1964,"und",0,459
"node","book",0,1964,1964,"und",1,460
"node","book",0,1964,1964,"und",2,461
"node","book",0,1966,1966,"und",0,444
"node","book",0,1966,1966,"und",1,421
"node","book",0,1969,1969,"und",0,450
"node","book",0,1969,1969,"und",1,466
"node","book",0,1969,1969,"und",2,434
"node","book",0,1970,1970,"und",0,450
"node","book",0,1970,1970,"und",1,428
"node","book",0,1974,1974,"und",0,473
"node","book",0,1974,1974,"und",1,428
"node","book",0,1975,1975,"und",0,476
"node","book",0,1975,1975,"und",1,473
"node","book",0,1975,1975,"und",2,477
"node","book",0,1975,1975,"und",3,478
"node","book",0,1976,1976,"und",0,453
"node","book",0,1977,1977,"und",0,480
"node","book",0,1977,1977,"und",1,481
"node","book",0,1979,1979,"und",0,485
"node","book",0,1979,1979,"und",1,486
"node","book",0,1979,1979,"und",2,428
"node","book",0,1981,1981,"und",0,489
"node","book",0,1981,1981,"und",1,490
"node","book",0,1981,1981,"und",2,491
"node","book",0,1982,1982,"und",0,492
"node","book",0,1987,1987,"und",0,460
"node","book",0,1990,1990,"und",0,444
"node","book",0,1991,1991,"und",0,489
"node","book",0,1991,1991,"und",1,473
"node","book",0,1991,1991,"und",2,453
"node","book",0,1991,1991,"und",3,478
"node","book",0,1992,1992,"und",0,503
"node","book",0,1993,1993,"und",0,421
"node","book",0,1993,1993,"und",1,459
"node","book",0,1993,1993,"und",2,504
"node","book",0,1994,1994,"und",0,451
"node","book",0,1994,1994,"und",1,506
"node","book",0,1994,1994,"und",2,507
"node","book",0,1994,1994,"und",3,508
"node","book",0,1994,1994,"und",4,453
"node","book",0,1994,1994,"und",5,504
"node","book",0,1995,1995,"und",0,460
"node","book",0,1995,1995,"und",1,461
"node","book",0,1997,1997,"und",0,473
"node","book",0,2000,2000,"und",0,516
"node","book",0,2000,2000,"und",1,434
"node","book",0,2000,2000,"und",2,478
"node","book",0,2001,2001,"und",0,459
"node","book",0,2001,2001,"und",1,518
"node","book",0,2002,2002,"und",0,518
"node","book",0,2002,2002,"und",1,520
"node","book",0,2004,2004,"und",0,524
"node","book",0,2007,2007,"und",0,489
"node","book",0,2007,2007,"und",1,527
"node","book",0,2007,2007,"und",2,453
"node","book",0,2007,2007,"und",3,528
"node","book",0,2007,2007,"und",4,478
"node","book",0,2007,2007,"und",5,481
"node","book",0,2007,2007,"und",6,529
"node","book",0,2008,2008,"und",0,489
"node","book",0,2008,2008,"und",1,530
"node","book",0,2008,2008,"und",2,492
"node","book",0,2009,2009,"und",0,421
"node","book",0,2010,2010,"und",0,506
"node","book",0,2010,2010,"und",1,421
"node","book",0,2010,2010,"und",2,478
"node","book",0,2012,2012,"und",0,532
"node","book",0,2012,2012,"und",1,421
"node","book",0,2012,2012,"und",2,533
"node","book",0,2013,2013,"und",0,535
"node","book",0,2013,2013,"und",1,486
"node","book",0,2013,2013,"und",2,445
"node","book",0,2013,2013,"und",3,428
"node","book",0,2013,2013,"und",4,481
"node","book",0,2013,2013,"und",5,520
"node","book",0,2015,2015,"und",0,460
"node","book",0,2017,2017,"und",0,431
"node","book",0,2017,2017,"und",1,481
"node","book",0,2018,2018,"und",0,516
"node","book",0,2018,2018,"und",1,421
"node","book",0,2018,2018,"und",2,541
"node","book",0,2018,2018,"und",3,542
"node","book",0,2018,2018,"und",4,543
"node","book",0,2018,2018,"und",5,533
"node","book",0,2018,2018,"und",6,428
"node","book",0,2018,2018,"und",7,544
"node","book",0,2022,2022,"und",0,421
"node","book",0,2022,2022,"und",1,473
"node","book",0,2022,2022,"und",2,445
"node","book",0,2022,2022,"und",3,428
"node","book",0,2022,2022,"und",4,547
"node","book",0,2022,2022,"und",5,548
"node","book",0,2023,2023,"und",0,550
"node","book",0,2023,2023,"und",1,551
"node","book",0,2023,2023,"und",2,434
"node","book",0,2023,2023,"und",3,478
"node","book",0,2025,2025,"und",0,459
"node","book",0,2025,2025,"und",1,491
"node","book",0,2025,2025,"und",2,553
"node","book",0,2026,2026,"und",0,516
"node","book",0,2027,2027,"und",0,460
"node","book",0,2030,2030,"und",0,460
"node","book",0,2031,2031,"und",0,459
"node","book",0,2031,2031,"und",1,460
"node","book",0,2031,2031,"und",2,518
"node","book",0,2032,2032,"und",0,551
"node","book",0,2032,2032,"und",1,460
"node","book",0,2039,2039,"und",0,532
"node","book",0,2039,2039,"und",1,421
"node","book",0,2040,2040,"und",0,532
"node","book",0,2040,2040,"und",1,421
"node","book",0,2041,2041,"und",0,460
"node","book",0,2041,2041,"und",1,478
"node","book",0,2042,2042,"und",0,453
"node","book",0,2044,2044,"und",0,460
"node","book",0,2046,2046,"und",0,444
"node","book",0,2046,2046,"und",1,421
"node","book",0,2046,2046,"und",2,428
"node","book",0,2047,2047,"und",0,491
"node","book",0,2047,2047,"und",1,565
"node","book",0,2047,2047,"und",2,566
"node","book",0,2047,2047,"und",3,486
"node","book",0,2047,2047,"und",4,567
"node","book",0,2047,2047,"und",5,478
"node","book",0,2047,2047,"und",6,568
"node","book",0,2047,2047,"und",7,569
"node","book",0,2047,2047,"und",8,547
"node","book",0,2052,2052,"und",0,573
"node","book",0,2053,2053,"und",0,516
"node","book",0,2053,2053,"und",1,421
"node","book",0,2053,2053,"und",2,478
"node","book",0,2053,2053,"und",3,504
"node","book",0,2053,2053,"und",4,431
"node","book",0,2053,2053,"und",5,547
"node","book",0,2055,2055,"und",0,553
"node","book",0,2055,2055,"und",1,460
"node","book",0,2056,2056,"und",0,490
"node","book",0,2056,2056,"und",1,453
"node","book",0,2056,2056,"und",2,553
"node","book",0,2056,2056,"und",3,460
"node","book",0,2057,2057,"und",0,576
"node","book",0,2057,2057,"und",1,551
"node","book",0,2058,2058,"und",0,489
"node","book",0,2059,2059,"und",0,421
"node","book",0,2060,2060,"und",0,421
"node","book",0,2061,2061,"und",0,421
"node","book",0,2061,2061,"und",1,580
"node","book",0,2061,2061,"und",2,460
"node","book",0,2061,2061,"und",3,542
"node","book",0,2061,2061,"und",4,533
"node","book",0,2061,2061,"und",5,428
"node","book",0,2062,2062,"und",0,421
"node","book",0,2062,2062,"und",1,431
"node","book",0,2063,2063,"und",0,421
"node","book",0,2064,2064,"und",0,489
"node","book",0,2064,2064,"und",1,573
"node","book",0,2064,2064,"und",2,481
"node","book",0,2067,2067,"und",0,586
"node","book",0,2070,2070,"und",0,481
"node","book",0,2072,2072,"und",0,421
"node","book",0,2074,2074,"und",0,453
"node","book",0,2075,2075,"und",0,459
"node","book",0,2075,2075,"und",1,491
"node","book",0,2075,2075,"und",2,553
"node","book",0,2076,2076,"und",0,489
"node","book",0,2076,2076,"und",1,453
"node","book",0,2077,2077,"und",0,551
"node","book",0,2077,2077,"und",1,491
"node","book",0,2077,2077,"und",2,434
"node","book",0,2077,2077,"und",3,486
"node","book",0,2078,2078,"und",0,594
"node","book",0,2078,2078,"und",1,580
"node","book",0,2078,2078,"und",2,595
"node","book",0,2078,2078,"und",3,453
"node","book",0,2078,2078,"und",4,478
"node","book",0,2079,2079,"und",0,507
"node","book",0,2079,2079,"und",1,597
"node","book",0,2080,2080,"und",0,459
"node","book",0,2080,2080,"und",1,453
"node","book",0,2080,2080,"und",2,431
"node","book",0,2081,2081,"und",0,453
"node","book",0,2081,2081,"und",1,524
"node","book",0,2081,2081,"und",2,520
"node","book",0,2082,2082,"und",0,600
"node","book",0,2083,2083,"und",0,602
"node","book",0,2086,2086,"und",0,481
"node","book",0,2089,2089,"und",0,492
"node","book",0,2091,2091,"und",0,460
"node","book",0,2098,2098,"und",0,490
"node","book",0,2098,2098,"und",1,460
"node","book",0,2099,2099,"und",0,486
"node","book",0,2107,2107,"und",0,619
"node","book",0,2107,2107,"und",1,594
"node","book",0,2107,2107,"und",2,489
"node","book",0,2107,2107,"und",3,516
"node","book",0,2107,2107,"und",4,620
"node","book",0,2107,2107,"und",5,491
"node","book",0,2107,2107,"und",6,453
"node","book",0,2107,2107,"und",7,528
"node","book",0,2107,2107,"und",8,478
"node","book",0,2108,2108,"und",0,489
"node","book",0,2108,2108,"und",1,551
"node","book",0,2108,2108,"und",2,453
"node","book",0,2108,2108,"und",3,478
"node","book",0,2108,2108,"und",4,481
"node","book",0,2109,2109,"und",0,594
"node","book",0,2109,2109,"und",1,573
"node","book",0,2109,2109,"und",2,453
"node","book",0,2110,2110,"und",0,576
"node","book",0,2110,2110,"und",1,580
"node","book",0,2110,2110,"und",2,622
"node","book",0,2110,2110,"und",3,453
"node","book",0,2112,2112,"und",0,516
"node","book",0,2112,2112,"und",1,620
"node","book",0,2112,2112,"und",2,459
"node","book",0,2112,2112,"und",3,453
"node","book",0,2113,2113,"und",0,491
"node","book",0,2114,2114,"und",0,489
"node","book",0,2114,2114,"und",1,453
"node","book",0,2115,2115,"und",0,623
"node","book",0,2115,2115,"und",1,624
"node","book",0,2115,2115,"und",2,527
"node","book",0,2115,2115,"und",3,478
"node","book",0,2115,2115,"und",4,544
"node","book",0,2116,2116,"und",0,473
"node","book",0,2116,2116,"und",1,453
"node","book",0,2119,2119,"und",0,489
"node","book",0,2119,2119,"und",1,459
"node","book",0,2119,2119,"und",2,518
"node","book",0,2120,2120,"und",0,489
"node","book",0,2120,2120,"und",1,459
"node","book",0,2120,2120,"und",2,518
"node","book",0,2121,2121,"und",0,453
"node","book",0,2121,2121,"und",1,460
"node","book",0,2122,2122,"und",0,627
"node","book",0,2123,2123,"und",0,516
"node","book",0,2123,2123,"und",1,629
"node","book",0,2123,2123,"und",2,533
"node","book",0,2123,2123,"und",3,478
"node","book",0,2123,2123,"und",4,461
"node","book",0,2124,2124,"und",0,619
"node","book",0,2124,2124,"und",1,623
"node","book",0,2124,2124,"und",2,476
"node","book",0,2124,2124,"und",3,565
"node","book",0,2124,2124,"und",4,434
"node","book",0,2124,2124,"und",5,478
"node","book",0,2124,2124,"und",6,492
"node","book",0,2125,2125,"und",0,631
"node","book",0,2125,2125,"und",1,485
"node","book",0,2125,2125,"und",2,453
"node","book",0,2126,2126,"und",0,453
"node","book",0,2126,2126,"und",1,486
"node","book",0,2128,2128,"und",0,444
"node","book",0,2128,2128,"und",1,485
"node","book",0,2128,2128,"und",2,453
"node","book",0,2129,2129,"und",0,460
"node","book",0,2129,2129,"und",1,478
"node","book",0,2129,2129,"und",2,461
"node","book",0,2130,2130,"und",0,550
"node","book",0,2130,2130,"und",1,580
"node","book",0,2130,2130,"und",2,485
"node","book",0,2130,2130,"und",3,453
"node","book",0,2131,2131,"und",0,490
"node","book",0,2131,2131,"und",1,459
"node","book",0,2131,2131,"und",2,529
"node","book",0,2133,2133,"und",0,634
"node","book",0,2133,2133,"und",1,635
"node","book",0,2133,2133,"und",2,636
"node","book",0,2134,2134,"und",0,516
"node","book",0,2134,2134,"und",1,453
"node","book",0,2136,2136,"und",0,516
"node","book",0,2136,2136,"und",1,453
"node","book",0,2137,2137,"und",0,473
"node","book",0,2137,2137,"und",1,434
"node","book",0,2137,2137,"und",2,478
"node","book",0,2139,2139,"und",0,623
"node","book",0,2139,2139,"und",1,516
"node","book",0,2139,2139,"und",2,620
"node","book",0,2139,2139,"und",3,453
"node","book",0,2139,2139,"und",4,528
"node","book",0,2139,2139,"und",5,431
"node","book",0,2139,2139,"und",6,518
"node","book",0,2139,2139,"und",7,639
"node","book",0,2139,2139,"und",8,520
"node","book",0,2140,2140,"und",0,624
"node","book",0,2140,2140,"und",1,453
"node","book",0,2140,2140,"und",2,524
"node","book",0,2141,2141,"und",0,459
"node","book",0,2141,2141,"und",1,518
"node","book",0,2142,2142,"und",0,629
"node","book",0,2142,2142,"und",1,434
"node","book",0,2143,2143,"und",0,642
"node","book",0,2143,2143,"und",1,518
"node","book",0,2144,2144,"und",0,643
"node","book",0,2144,2144,"und",1,478
"node","book",0,2144,2144,"und",2,548
"node","book",0,2149,2149,"und",0,491
"node","book",0,2149,2149,"und",1,635
"node","book",0,2152,2152,"und",0,460
"node","book",0,2152,2152,"und",1,461
"node","book",0,2153,2153,"und",0,460
"node","book",0,2154,2154,"und",0,648
"node","book",0,2154,2154,"und",1,460
"node","book",0,2154,2154,"und",2,422
"node","book",0,2154,2154,"und",3,649
"node","book",0,2154,2154,"und",4,461
"node","book",0,2155,2155,"und",0,453
"node","book",0,2155,2155,"und",1,434
"node","book",0,2155,2155,"und",2,478
"node","book",0,2157,2157,"und",0,431
"node","book",0,2158,2158,"und",0,453
"node","book",0,2159,2159,"und",0,595
"node","book",0,2159,2159,"und",1,651
"node","book",0,2161,2161,"und",0,445
"node","book",0,2161,2161,"und",1,547
"node","book",0,2161,2161,"und",2,639
"node","book",0,2161,2161,"und",3,520
"node","book",0,2162,2162,"und",0,594
"node","book",0,2162,2162,"und",1,459
"node","book",0,2162,2162,"und",2,586
"node","book",0,2162,2162,"und",3,453
"node","book",0,2162,2162,"und",4,434
"node","book",0,2164,2164,"und",0,453
"node","book",0,2165,2165,"und",0,489
"node","book",0,2165,2165,"und",1,491
"node","book",0,2165,2165,"und",2,453
"node","book",0,2166,2166,"und",0,548
"node","book",0,2168,2168,"und",0,460
"node","book",0,2169,2169,"und",0,453
"node","book",0,2170,2170,"und",0,453
"node","book",0,2171,2171,"und",0,453
"node","book",0,2172,2172,"und",0,459
"node","book",0,2174,2174,"und",0,660
"node","book",0,2174,2174,"und",1,516
"node","book",0,2174,2174,"und",2,568
"node","book",0,2174,2174,"und",3,481
"node","book",0,2174,2174,"und",4,548
"node","book",0,2175,2175,"und",0,631
"node","book",0,2175,2175,"und",1,492
"node","book",0,2176,2176,"und",0,661
"node","book",0,2176,2176,"und",1,662
"node","book",0,2177,2177,"und",0,663
"node","book",0,2178,2178,"und",0,489
"node","book",0,2178,2178,"und",1,478
"node","book",0,2179,2179,"und",0,459
"node","book",0,2179,2179,"und",1,622
"node","book",0,2179,2179,"und",2,664
"node","book",0,2180,2180,"und",0,594
"node","book",0,2180,2180,"und",1,573
"node","book",0,2182,2182,"und",0,594
"node","book",0,2182,2182,"und",1,667
"node","book",0,2183,2183,"und",0,594
"node","book",0,2183,2183,"und",1,667
"node","book",0,2185,2185,"und",0,459
"node","book",0,2185,2185,"und",1,453
"node","book",0,2186,2186,"und",0,421
"node","book",0,2188,2188,"und",0,421
"node","book",0,2188,2188,"und",1,551
"node","book",0,2189,2189,"und",0,551
"node","book",0,2189,2189,"und",1,529
"node","book",0,2192,2192,"und",0,594
"node","book",0,2194,2194,"und",0,524
"node","book",0,2194,2194,"und",1,672
"node","book",0,2195,2195,"und",0,453
"node","book",0,2195,2195,"und",1,567
"node","book",0,2195,2195,"und",2,478
"node","book",0,2196,2196,"und",0,489
"node","book",0,2196,2196,"und",1,530
"node","book",0,2196,2196,"und",2,490
"node","book",0,2196,2196,"und",3,491
"node","book",0,2196,2196,"und",4,478
"node","book",0,2196,2196,"und",5,529
"node","book",0,2198,2198,"und",0,459
"node","book",0,2199,2199,"und",0,453
"node","book",0,2199,2199,"und",1,434
"node","book",0,2199,2199,"und",2,478
"node","book",0,2201,2201,"und",0,489
"node","book",0,2201,2201,"und",1,530
"node","book",0,2202,2202,"und",0,476
"node","book",0,2202,2202,"und",1,675
"node","book",0,2202,2202,"und",2,453
"node","book",0,2202,2202,"und",3,528
"node","book",0,2202,2202,"und",4,676
"node","book",0,2202,2202,"und",5,435
"node","book",0,2202,2202,"und",6,478
"node","book",0,2204,2204,"und",0,489
"node","book",0,2204,2204,"und",1,530
"node","book",0,2204,2204,"und",2,507
"node","book",0,2205,2205,"und",0,489
"node","book",0,2205,2205,"und",1,459
"node","book",0,2205,2205,"und",2,492
"node","book",0,2206,2206,"und",0,459
"node","book",0,2206,2206,"und",1,518
"node","book",0,2207,2207,"und",0,459
"node","book",0,2207,2207,"und",1,518
"node","book",0,2208,2208,"und",0,460
"node","book",0,2209,2209,"und",0,485
"node","book",0,2209,2209,"und",1,453
"node","book",0,2209,2209,"und",2,520
"node","book",0,2210,2210,"und",0,453
"node","book",0,2211,2211,"und",0,619
"node","book",0,2211,2211,"und",1,453
"node","book",0,2211,2211,"und",2,481
"node","book",0,2212,2212,"und",0,486
"node","book",0,2214,2214,"und",0,434
"node","book",0,2214,2214,"und",1,478
"node","book",0,2215,2215,"und",0,476
"node","book",0,2215,2215,"und",1,459
"node","book",0,2215,2215,"und",2,434
"node","book",0,2215,2215,"und",3,680
"node","book",0,2216,2216,"und",0,460
"node","book",0,2217,2217,"und",0,460
"node","book",0,2218,2218,"und",0,460
"node","book",0,2219,2219,"und",0,634
"node","book",0,2219,2219,"und",1,459
"node","book",0,2219,2219,"und",2,662
"node","book",0,2219,2219,"und",3,683
"node","book",0,2219,2219,"und",4,453
"node","book",0,2220,2220,"und",0,550
"node","book",0,2220,2220,"und",1,629
"node","book",0,2220,2220,"und",2,434
"node","book",0,2221,2221,"und",0,434
"node","book",0,2222,2222,"und",0,643
"node","book",0,2222,2222,"und",1,431
"node","book",0,2222,2222,"und",2,492
"node","book",0,2223,2223,"und",0,643
"node","book",0,2223,2223,"und",1,431
"node","book",0,2224,2224,"und",0,643
"node","book",0,2224,2224,"und",1,431
"node","book",0,2225,2225,"und",0,643
"node","book",0,2225,2225,"und",1,431
"node","book",0,2226,2226,"und",0,643
"node","book",0,2226,2226,"und",1,431
"node","book",0,2227,2227,"und",0,643
"node","book",0,2227,2227,"und",1,431
"node","book",0,2228,2228,"und",0,643
"node","book",0,2228,2228,"und",1,431
"node","book",0,2229,2229,"und",0,643
"node","book",0,2229,2229,"und",1,491
"node","book",0,2229,2229,"und",2,431
"node","book",0,2230,2230,"und",0,489
"node","book",0,2230,2230,"und",1,453
"node","book",0,2231,2231,"und",0,489
"node","book",0,2231,2231,"und",1,476
"node","book",0,2231,2231,"und",2,691
"node","book",0,2231,2231,"und",3,576
"node","book",0,2231,2231,"und",4,586
"node","book",0,2231,2231,"und",5,481
"node","book",0,2231,2231,"und",6,492
"node","book",0,2232,2232,"und",0,634
"node","book",0,2234,2234,"und",0,490
"node","book",0,2234,2234,"und",1,459
"node","book",0,2234,2234,"und",2,692
"node","book",0,2234,2234,"und",3,453
"node","book",0,2234,2234,"und",4,478
"node","book",0,2234,2234,"und",5,461
"node","book",0,2235,2235,"und",0,643
"node","book",0,2236,2236,"und",0,580
"node","book",0,2236,2236,"und",1,662
"node","book",0,2236,2236,"und",2,683
"node","book",0,2237,2237,"und",0,594
"node","book",0,2237,2237,"und",1,635
"node","book",0,2239,2239,"und",0,489
"node","book",0,2239,2239,"und",1,459
"node","book",0,2239,2239,"und",2,453
"node","book",0,2241,2241,"und",0,624
"node","book",0,2241,2241,"und",1,527
"node","book",0,2241,2241,"und",2,453
"node","book",0,2241,2241,"und",3,524
"node","book",0,2241,2241,"und",4,529
"node","book",0,2242,2242,"und",0,451
"node","book",0,2242,2242,"und",1,691
"node","book",0,2242,2242,"und",2,527
"node","book",0,2242,2242,"und",3,695
"node","book",0,2242,2242,"und",4,567
"node","book",0,2242,2242,"und",5,696
"node","book",0,2242,2242,"und",6,547
"node","book",0,2242,2242,"und",7,524
"node","book",0,2242,2242,"und",8,672
"node","book",0,2243,2243,"und",0,623
"node","book",0,2243,2243,"und",1,516
"node","book",0,2243,2243,"und",2,459
"node","book",0,2243,2243,"und",3,622
"node","book",0,2243,2243,"und",4,453
"node","book",0,2245,2245,"und",0,602
"node","book",0,2245,2245,"und",1,619
"node","book",0,2245,2245,"und",2,623
"node","book",0,2245,2245,"und",3,631
"node","book",0,2245,2245,"und",4,594
"node","book",0,2245,2245,"und",5,476
"node","book",0,2245,2245,"und",6,691
"node","book",0,2245,2245,"und",7,620
"node","book",0,2245,2245,"und",8,453
"node","book",0,2245,2245,"und",9,528
"node","book",0,2245,2245,"und",10,676
"node","book",0,2245,2245,"und",11,435
"node","book",0,2245,2245,"und",12,478
"node","book",0,2246,2246,"und",0,631
"node","book",0,2246,2246,"und",1,594
"node","book",0,2246,2246,"und",2,453
"node","book",0,2247,2247,"und",0,619
"node","book",0,2247,2247,"und",1,631
"node","book",0,2247,2247,"und",2,573
"node","book",0,2247,2247,"und",3,453
"node","book",0,2248,2248,"und",0,565
"node","book",0,2248,2248,"und",1,699
"node","book",0,2248,2248,"und",2,461
"node","book",0,2248,2248,"und",3,529
"node","book",0,2249,2249,"und",0,459
"node","book",0,2249,2249,"und",1,518
"node","book",0,2251,2251,"und",0,459
"node","book",0,2251,2251,"und",1,518
"node","book",0,2254,2254,"und",0,489
"node","book",0,2255,2255,"und",0,489
"node","book",0,2255,2255,"und",1,675
"node","book",0,2255,2255,"und",2,453
"node","book",0,2255,2255,"und",3,478
"node","book",0,2255,2255,"und",4,481
"node","book",0,2256,2256,"und",0,459
"node","book",0,2258,2258,"und",0,565
"node","book",0,2258,2258,"und",1,453
"node","book",0,2258,2258,"und",2,704
"node","book",0,2259,2259,"und",0,480
"node","book",0,2259,2259,"und",1,507
"node","book",0,2259,2259,"und",2,706
"node","book",0,2259,2259,"und",3,434
"node","book",0,2259,2259,"und",4,445
"node","book",0,2259,2259,"und",5,428
"node","book",0,2260,2260,"und",0,619
"node","book",0,2260,2260,"und",1,663
"node","book",0,2260,2260,"und",2,707
"node","book",0,2260,2260,"und",3,624
"node","book",0,2260,2260,"und",4,708
"node","book",0,2260,2260,"und",5,452
"node","book",0,2260,2260,"und",6,676
"node","book",0,2260,2260,"und",7,435
"node","book",0,2262,2262,"und",0,489
"node","book",0,2262,2262,"und",1,434
"node","book",0,2262,2262,"und",2,478
"node","book",0,2262,2262,"und",3,492
"node","book",0,2263,2263,"und",0,565
"node","book",0,2263,2263,"und",1,676
"node","book",0,2264,2264,"und",0,453
"node","book",0,2264,2264,"und",1,434
"node","book",0,2264,2264,"und",2,478
"node","book",0,2265,2265,"und",0,453
"node","book",0,2265,2265,"und",1,478
"node","book",0,2266,2266,"und",0,489
"node","book",0,2266,2266,"und",1,459
"node","book",0,2267,2267,"und",0,489
"node","book",0,2267,2267,"und",1,459
"node","book",0,2268,2268,"und",0,459
"node","book",0,2269,2269,"und",0,639
"node","book",0,2270,2270,"und",0,421
"node","book",0,2270,2270,"und",1,459
"node","book",0,2270,2270,"und",2,422
"node","book",0,2271,2271,"und",0,489
"node","book",0,2271,2271,"und",1,491
"node","book",0,2272,2272,"und",0,459
"node","book",0,2273,2273,"und",0,478
"node","book",0,2274,2274,"und",0,675
"node","book",0,2274,2274,"und",1,586
"node","book",0,2275,2275,"und",0,508
"node","book",0,2276,2276,"und",0,619
"node","book",0,2276,2276,"und",1,623
"node","book",0,2276,2276,"und",2,594
"node","book",0,2276,2276,"und",3,624
"node","book",0,2276,2276,"und",4,620
"node","book",0,2276,2276,"und",5,527
"node","book",0,2276,2276,"und",6,565
"node","book",0,2276,2276,"und",7,528
"node","book",0,2276,2276,"und",8,676
"node","book",0,2276,2276,"und",9,434
"node","book",0,2276,2276,"und",10,715
"node","book",0,2276,2276,"und",11,478
"node","book",0,2277,2277,"und",0,623
"node","book",0,2277,2277,"und",1,594
"node","book",0,2277,2277,"und",2,620
"node","book",0,2277,2277,"und",3,527
"node","book",0,2277,2277,"und",4,565
"node","book",0,2277,2277,"und",5,676
"node","book",0,2277,2277,"und",6,478
"node","book",0,2278,2278,"und",0,691
"node","book",0,2278,2278,"und",1,634
"node","book",0,2278,2278,"und",2,459
"node","book",0,2278,2278,"und",3,478
"node","book",0,2279,2279,"und",0,565
"node","book",0,2279,2279,"und",1,434
"node","book",0,2280,2280,"und",0,594
"node","book",0,2280,2280,"und",1,716
"node","book",0,2280,2280,"und",2,661
"node","book",0,2280,2280,"und",3,620
"node","book",0,2280,2280,"und",4,675
"node","book",0,2280,2280,"und",5,453
"node","book",0,2280,2280,"und",6,676
"node","book",0,2282,2282,"und",0,594
"node","book",0,2282,2282,"und",1,675
"node","book",0,2282,2282,"und",2,586
"node","book",0,2282,2282,"und",3,434
"node","book",0,2282,2282,"und",4,478
"node","book",0,2283,2283,"und",0,434
"node","book",0,2283,2283,"und",1,478
"node","book",0,2284,2284,"und",0,459
"node","book",0,2285,2285,"und",0,675
"node","book",0,2285,2285,"und",1,459
"node","book",0,2285,2285,"und",2,662
"node","book",0,2285,2285,"und",3,453
"node","book",0,2285,2285,"und",4,676
"node","book",0,2285,2285,"und",5,434
"node","book",0,2285,2285,"und",6,478
"node","book",0,2286,2286,"und",0,453
"node","book",0,2286,2286,"und",1,434
"node","book",0,2288,2288,"und",0,453
"node","book",0,2288,2288,"und",1,434
"node","book",0,2289,2289,"und",0,473
"node","book",0,2289,2289,"und",1,453
"node","book",0,2289,2289,"und",2,434
"node","book",0,2289,2289,"und",3,478
"node","book",0,2292,2292,"und",0,459
"node","book",0,2292,2292,"und",1,431
"node","book",0,2293,2293,"und",0,459
"node","book",0,2293,2293,"und",1,528
"node","book",0,2294,2294,"und",0,459
"node","book",0,2295,2295,"und",0,489
"node","book",0,2295,2295,"und",1,518
"node","book",0,2296,2296,"und",0,489
"node","book",0,2296,2296,"und",1,518
"node","book",0,2297,2297,"und",0,489
"node","book",0,2297,2297,"und",1,518
"node","book",0,2298,2298,"und",0,489
"node","book",0,2299,2299,"und",0,450
"node","book",0,2299,2299,"und",1,459
"node","book",0,2299,2299,"und",2,635
"node","book",0,2299,2299,"und",3,725
"node","book",0,2299,2299,"und",4,434
"node","book",0,2299,2299,"und",5,529
"node","book",0,2300,2300,"und",0,489
"node","book",0,2300,2300,"und",1,459
"node","book",0,2302,2302,"und",0,489
"node","book",0,2302,2302,"und",1,459
"node","book",0,2302,2302,"und",2,478
"node","book",0,2303,2303,"und",0,480
"node","book",0,2303,2303,"und",1,476
"node","book",0,2303,2303,"und",2,516
"node","book",0,2303,2303,"und",3,573
"node","book",0,2303,2303,"und",4,565
"node","book",0,2303,2303,"und",5,726
"node","book",0,2303,2303,"und",6,478
"node","book",0,2303,2303,"und",7,428
"node","book",0,2303,2303,"und",8,548
"node","book",0,2303,2303,"und",9,520
"node","book",0,2303,2303,"und",10,727
"node","book",0,2304,2304,"und",0,459
"node","book",0,2305,2305,"und",0,634
"node","book",0,2305,2305,"und",1,459
"node","book",0,2305,2305,"und",2,478
"node","book",0,2307,2307,"und",0,667
"node","book",0,2307,2307,"und",1,476
"node","book",0,2307,2307,"und",2,691
"node","book",0,2307,2307,"und",3,620
"node","book",0,2307,2307,"und",4,573
"node","book",0,2307,2307,"und",5,643
"node","book",0,2307,2307,"und",6,622
"node","book",0,2307,2307,"und",7,492
"node","book",0,2309,2309,"und",0,594
"node","book",0,2309,2309,"und",1,634
"node","book",0,2309,2309,"und",2,491
"node","book",0,2309,2309,"und",3,434
"node","book",0,2309,2309,"und",4,478
"node","book",0,2309,2309,"und",5,431
"node","book",0,2311,2311,"und",0,594
"node","book",0,2311,2311,"und",1,667
"node","book",0,2311,2311,"und",2,651
"node","book",0,2312,2312,"und",0,631
"node","book",0,2312,2312,"und",1,594
"node","book",0,2312,2312,"und",2,634
"node","book",0,2312,2312,"und",3,595
"node","book",0,2312,2312,"und",4,459
"node","book",0,2312,2312,"und",5,651
"node","book",0,2312,2312,"und",6,676
"node","book",0,2312,2312,"und",7,481
"node","book",0,2314,2314,"und",0,476
"node","book",0,2314,2314,"und",1,516
"node","book",0,2314,2314,"und",2,573
"node","book",0,2314,2314,"und",3,486
"node","book",0,2314,2314,"und",4,478
"node","book",0,2314,2314,"und",5,568
"node","book",0,2314,2314,"und",6,445
"node","book",0,2314,2314,"und",7,431
"node","book",0,2314,2314,"und",8,518
"node","book",0,2314,2314,"und",9,547
"node","book",0,2316,2316,"und",0,594
"node","book",0,2316,2316,"und",1,478
"node","book",0,2318,2318,"und",0,459
"node","book",0,2318,2318,"und",1,518
"node","book",0,2319,2319,"und",0,459
"node","book",0,2319,2319,"und",1,518
"node","book",0,2320,2320,"und",0,734
"node","book",0,2320,2320,"und",1,706
"node","book",0,2320,2320,"und",2,434
"node","book",0,2320,2320,"und",3,478
"node","book",0,2321,2321,"und",0,508
"node","book",0,2321,2321,"und",1,565
"node","book",0,2321,2321,"und",2,478
"node","book",0,2322,2322,"und",0,623
"node","book",0,2322,2322,"und",1,594
"node","book",0,2322,2322,"und",2,620
"node","book",0,2322,2322,"und",3,586
"node","book",0,2322,2322,"und",4,528
"node","book",0,2322,2322,"und",5,435
"node","book",0,2325,2325,"und",0,489
"node","book",0,2325,2325,"und",1,459
"node","book",0,2325,2325,"und",2,518
"node","book",0,2326,2326,"und",0,490
"node","book",0,2326,2326,"und",1,737
"node","book",0,2326,2326,"und",2,492
"node","book",0,2327,2327,"und",0,490
"node","book",0,2327,2327,"und",1,737
"node","book",0,2328,2328,"und",0,489
"node","book",0,2328,2328,"und",1,492
"node","book",0,2329,2329,"und",0,489
"node","book",0,2329,2329,"und",1,490
"node","book",0,2329,2329,"und",2,491
"node","book",0,2329,2329,"und",3,492
"node","book",0,2330,2330,"und",0,489
"node","book",0,2330,2330,"und",1,491
"node","book",0,2330,2330,"und",2,680
"node","book",0,2330,2330,"und",3,492
"node","book",0,2331,2331,"und",0,489
"node","book",0,2332,2332,"und",0,489
"node","book",0,2333,2333,"und",0,489
"node","book",0,2333,2333,"und",1,492
"node","book",0,2334,2334,"und",0,489
"node","book",0,2335,2335,"und",0,489
"node","book",0,2335,2335,"und",1,492
"node","book",0,2336,2336,"und",0,489
"node","book",0,2336,2336,"und",1,478
"node","book",0,2336,2336,"und",2,680
"node","book",0,2337,2337,"und",0,489
"node","book",0,2337,2337,"und",1,518
"node","book",0,2339,2339,"und",0,742
"node","book",0,2339,2339,"und",1,453
"node","book",0,2339,2339,"und",2,460
"node","book",0,2339,2339,"und",3,664
"node","book",0,2340,2340,"und",0,516
"node","book",0,2340,2340,"und",1,459
"node","book",0,2340,2340,"und",2,518
"node","book",0,2341,2341,"und",0,516
"node","book",0,2341,2341,"und",1,453
"node","book",0,2341,2341,"und",2,478
"node","book",0,2342,2342,"und",0,516
"node","book",0,2342,2342,"und",1,453
"node","book",0,2342,2342,"und",2,478
"node","book",0,2343,2343,"und",0,573
"node","book",0,2343,2343,"und",1,486
"node","book",0,2343,2343,"und",2,478
"node","book",0,2343,2343,"und",3,568
"node","book",0,2343,2343,"und",4,445
"node","book",0,2344,2344,"und",0,624
"node","book",0,2344,2344,"und",1,527
"node","book",0,2344,2344,"und",2,737
"node","book",0,2346,2346,"und",0,453
"node","book",0,2346,2346,"und",1,567
"node","book",0,2346,2346,"und",2,569
"node","book",0,2347,2347,"und",0,594
"node","book",0,2347,2347,"und",1,492
"node","book",0,2347,2347,"und",2,520
"node","book",0,2348,2348,"und",0,492
"node","book",0,2349,2349,"und",0,492
"node","book",0,2350,2350,"und",0,492
"node","book",0,2351,2351,"und",0,492
"node","book",0,2352,2352,"und",0,459
"node","book",0,2352,2352,"und",1,478
"node","book",0,2353,2353,"und",0,516
"node","book",0,2353,2353,"und",1,459
"node","book",0,2354,2354,"und",0,594
"node","book",0,2354,2354,"und",1,707
"node","book",0,2354,2354,"und",2,576
"node","book",0,2354,2354,"und",3,565
"node","book",0,2354,2354,"und",4,651
"node","book",0,2354,2354,"und",5,452
"node","book",0,2354,2354,"und",6,453
"node","book",0,2354,2354,"und",7,725
"node","book",0,2354,2354,"und",8,528
"node","book",0,2354,2354,"und",9,676
"node","book",0,2354,2354,"und",10,435
"node","book",0,2354,2354,"und",11,492
"node","book",0,2355,2355,"und",0,565
"node","book",0,2355,2355,"und",1,699
"node","book",0,2355,2355,"und",2,567
"node","book",0,2355,2355,"und",3,478
"node","book",0,2355,2355,"und",4,750
"node","book",0,2356,2356,"und",0,595
"node","book",0,2357,2357,"und",0,623
"node","book",0,2357,2357,"und",1,594
"node","book",0,2357,2357,"und",2,443
"node","book",0,2357,2357,"und",3,667
"node","book",0,2357,2357,"und",4,620
"node","book",0,2357,2357,"und",5,565
"node","book",0,2357,2357,"und",6,452
"node","book",0,2357,2357,"und",7,434
"node","book",0,2357,2357,"und",8,478
"node","book",0,2357,2357,"und",9,547
"node","book",0,2358,2358,"und",0,623
"node","book",0,2358,2358,"und",1,620
"node","book",0,2358,2358,"und",2,453
"node","book",0,2358,2358,"und",3,478
"node","book",0,2359,2359,"und",0,565
"node","book",0,2359,2359,"und",1,477
"node","book",0,2359,2359,"und",2,434
"node","book",0,2359,2359,"und",3,567
"node","book",0,2359,2359,"und",4,478
"node","book",0,2360,2360,"und",0,459
"node","book",0,2360,2360,"und",1,518
"node","book",0,2361,2361,"und",0,737
"node","book",0,2362,2362,"und",0,453
"node","book",0,2363,2363,"und",0,734
"node","book",0,2363,2363,"und",1,629
"node","book",0,2363,2363,"und",2,676
"node","book",0,2363,2363,"und",3,695
"node","book",0,2363,2363,"und",4,434
"node","book",0,2364,2364,"und",0,675
"node","book",0,2364,2364,"und",1,528
"node","book",0,2364,2364,"und",2,547
"node","book",0,2365,2365,"und",0,580
"node","book",0,2365,2365,"und",1,620
"node","book",0,2365,2365,"und",2,675
"node","book",0,2365,2365,"und",3,622
"node","book",0,2365,2365,"und",4,586
"node","book",0,2365,2365,"und",5,528
"node","book",0,2365,2365,"und",6,435
"node","book",0,2366,2366,"und",0,757
"node","book",0,2366,2366,"und",1,573
"node","book",0,2366,2366,"und",2,726
"node","book",0,2366,2366,"und",3,486
"node","book",0,2366,2366,"und",4,478
"node","book",0,2366,2366,"und",5,568
"node","book",0,2366,2366,"und",6,504
"node","book",0,2366,2366,"und",7,547
"node","book",0,2367,2367,"und",0,631
"node","book",0,2367,2367,"und",1,594
"node","book",0,2367,2367,"und",2,595
"node","book",0,2368,2368,"und",0,478
"node","book",0,2369,2369,"und",0,459
"node","book",0,2370,2370,"und",0,489
"node","book",0,2370,2370,"und",1,459
"node","book",0,2371,2371,"und",0,459
"node","book",0,2371,2371,"und",1,518
"node","book",0,2372,2372,"und",0,459
"node","book",0,2372,2372,"und",1,565
"node","book",0,2372,2372,"und",2,676
"node","book",0,2372,2372,"und",3,518
"node","book",0,2373,2373,"und",0,594
"node","book",0,2373,2373,"und",1,676
"node","book",0,2373,2373,"und",2,478
"node","book",0,2374,2374,"und",0,619
"node","book",0,2374,2374,"und",1,489
"node","book",0,2374,2374,"und",2,576
"node","book",0,2374,2374,"und",3,459
"node","book",0,2374,2374,"und",4,551
"node","book",0,2374,2374,"und",5,586
"node","book",0,2374,2374,"und",6,453
"node","book",0,2374,2374,"und",7,478
"node","book",0,2374,2374,"und",8,481
"node","book",0,2375,2375,"und",0,660
"node","book",0,2375,2375,"und",1,516
"node","book",0,2375,2375,"und",2,528
"node","book",0,2375,2375,"und",3,478
"node","book",0,2376,2376,"und",0,631
"node","book",0,2376,2376,"und",1,594
"node","book",0,2376,2376,"und",2,667
"node","book",0,2376,2376,"und",3,595
"node","book",0,2376,2376,"und",4,651
"node","book",0,2378,2378,"und",0,619
"node","book",0,2378,2378,"und",1,676
"node","book",0,2379,2379,"und",0,662
"node","book",0,2379,2379,"und",1,683
"node","book",0,2380,2380,"und",0,459
"node","book",0,2381,2381,"und",0,675
"node","book",0,2382,2382,"und",0,662
"node","book",0,2383,2383,"und",0,489
"node","book",0,2383,2383,"und",1,639
"node","book",0,2384,2384,"und",0,459
"node","book",0,2384,2384,"und",1,466
"node","book",0,2384,2384,"und",2,518
"node","book",0,2385,2385,"und",0,691
"node","book",0,2385,2385,"und",1,491
"node","book",0,2385,2385,"und",2,642
"node","book",0,2385,2385,"und",3,477
"node","book",0,2385,2385,"und",4,478
"node","book",0,2385,2385,"und",5,481
"node","book",0,2386,2386,"und",0,573
"node","book",0,2387,2387,"und",0,631
"node","book",0,2387,2387,"und",1,594
"node","book",0,2387,2387,"und",2,490
"node","book",0,2387,2387,"und",3,716
"node","book",0,2387,2387,"und",4,676
"node","book",0,2387,2387,"und",5,434
"node","book",0,2387,2387,"und",6,435
"node","book",0,2387,2387,"und",7,544
"node","book",0,2387,2387,"und",8,529
"node","book",0,2388,2388,"und",0,434
"node","book",0,2389,2389,"und",0,565
"node","book",0,2390,2390,"und",0,459
"node","book",0,2390,2390,"und",1,518
"node","book",0,2391,2391,"und",0,597
"node","book",0,2391,2391,"und",1,478
"node","book",0,2393,2393,"und",0,489
"node","book",0,2394,2394,"und",0,634
"node","book",0,2395,2395,"und",0,629
"node","book",0,2395,2395,"und",1,491
"node","book",0,2395,2395,"und",2,453
"node","book",0,2395,2395,"und",3,434
"node","book",0,2396,2396,"und",0,667
"node","book",0,2396,2396,"und",1,459
"node","book",0,2397,2397,"und",0,453
"node","book",0,2397,2397,"und",1,478
"node","book",0,2397,2397,"und",2,445
"node","book",0,2397,2397,"und",3,431
"node","book",0,2398,2398,"und",0,459
"node","book",0,2398,2398,"und",1,518
"node","book",0,2399,2399,"und",0,490
"node","book",0,2399,2399,"und",1,580
"node","book",0,2399,2399,"und",2,459
"node","book",0,2399,2399,"und",3,491
"node","book",0,2399,2399,"und",4,737
"node","book",0,2399,2399,"und",5,529
"node","book",0,2400,2400,"und",0,459
"node","book",0,2401,2401,"und",0,529
"node","book",0,2402,2402,"und",0,491
"node","book",0,2403,2403,"und",0,489
"node","book",0,2403,2403,"und",1,492
"node","book",0,2404,2404,"und",0,460
"node","book",0,2404,2404,"und",1,627
"node","book",0,2404,2404,"und",2,461
"node","book",0,2405,2405,"und",0,491
"node","book",0,2407,2407,"und",0,490
"node","book",0,2407,2407,"und",1,460
"node","book",0,2407,2407,"und",2,422
"node","book",0,2407,2407,"und",3,461
"node","book",0,2408,2408,"und",0,460
"node","book",0,2409,2409,"und",0,460
"node","book",0,2410,2410,"und",0,506
"node","book",0,2410,2410,"und",1,453
"node","book",0,2410,2410,"und",2,460
"node","book",0,2410,2410,"und",3,461
"node","book",0,2410,2410,"und",4,529
"node","book",0,2411,2411,"und",0,594
"node","book",0,2411,2411,"und",1,516
"node","book",0,2411,2411,"und",2,771
"node","book",0,2411,2411,"und",3,675
"node","book",0,2411,2411,"und",4,662
"node","book",0,2411,2411,"und",5,683
"node","book",0,2411,2411,"und",6,586
"node","book",0,2411,2411,"und",7,453
"node","book",0,2411,2411,"und",8,704
"node","book",0,2412,2412,"und",0,580
"node","book",0,2412,2412,"und",1,683
"node","book",0,2413,2413,"und",0,683
"node","book",0,2413,2413,"und",1,453
"node","book",0,2414,2414,"und",0,565
"node","book",0,2415,2415,"und",0,459
"node","book",0,2415,2415,"und",1,518
"node","book",0,2416,2416,"und",0,529
"node","book",0,2417,2417,"und",0,547
"node","book",0,2417,2417,"und",1,461
"node","book",0,2417,2417,"und",2,529
"node","book",0,2418,2418,"und",0,627
"node","book",0,2418,2418,"und",1,461
"node","book",0,2418,2418,"und",2,529
"node","book",0,2419,2419,"und",0,595
"node","book",0,2420,2420,"und",0,651
"node","book",0,2421,2421,"und",0,619
"node","book",0,2421,2421,"und",1,594
"node","book",0,2422,2422,"und",0,594
"node","book",0,2422,2422,"und",1,547
"node","book",0,2424,2424,"und",0,778
"node","book",0,2424,2424,"und",1,459
"node","book",0,2424,2424,"und",2,706
"node","book",0,2424,2424,"und",3,434
"node","book",0,2424,2424,"und",4,696
"node","book",0,2425,2425,"und",0,434
"node","book",0,2426,2426,"und",0,683
"node","book",0,2427,2427,"und",0,434
"node","book",0,2428,2428,"und",0,466
"node","book",0,2428,2428,"und",1,434
"node","book",0,2429,2429,"und",0,631
"node","book",0,2430,2430,"und",0,459
"node","book",0,2430,2430,"und",1,518
"node","book",0,2431,2431,"und",0,490
"node","book",0,2431,2431,"und",1,516
"node","book",0,2431,2431,"und",2,508
"node","book",0,2431,2431,"und",3,580
"node","book",0,2431,2431,"und",4,491
"node","book",0,2431,2431,"und",5,565
"node","book",0,2431,2431,"und",6,478
"node","book",0,2431,2431,"und",7,750
"node","book",0,2432,2432,"und",0,459
"node","book",0,2432,2432,"und",1,491
"node","book",0,2433,2433,"und",0,460
"node","book",0,2434,2434,"und",0,661
"node","book",0,2435,2435,"und",0,460
"node","book",0,2436,2436,"und",0,460
"node","book",0,2437,2437,"und",0,490
"node","book",0,2437,2437,"und",1,460
"node","book",0,2438,2438,"und",0,460
"node","book",0,2439,2439,"und",0,662
"node","book",0,2439,2439,"und",1,683
"node","book",0,2440,2440,"und",0,781
"node","book",0,2441,2441,"und",0,459
"node","book",0,2443,2443,"und",0,460
"node","book",0,2444,2444,"und",0,683
"node","book",0,2444,2444,"und",1,460
"node","book",0,2445,2445,"und",0,460
"node","book",0,2446,2446,"und",0,460
"node","book",0,2446,2446,"und",1,461
"node","book",0,2447,2447,"und",0,460
"node","book",0,2448,2448,"und",0,460
"node","book",0,2449,2449,"und",0,460
"node","book",0,2450,2450,"und",0,460
"node","book",0,2450,2450,"und",1,461
"node","book",0,2451,2451,"und",0,459
"node","book",0,2452,2452,"und",0,460
"node","book",0,2453,2453,"und",0,453
"node","book",0,2455,2455,"und",0,443
"node","book",0,2456,2456,"und",0,453
"node","book",0,2457,2457,"und",0,453
"node","book",0,2458,2458,"und",0,460
"node","book",0,2458,2458,"und",1,478
"node","book",0,2459,2459,"und",0,490
"node","book",0,2459,2459,"und",1,460
"node","book",0,2460,2460,"und",0,490
"node","book",0,2460,2460,"und",1,460
"node","book",0,2461,2461,"und",0,683
"node","book",0,2461,2461,"und",1,699
"node","book",0,2462,2462,"und",0,629
"node","book",0,2462,2462,"und",1,434
"node","book",0,2462,2462,"und",2,478
"node","book",0,2463,2463,"und",0,459
"node","book",0,2464,2464,"und",0,516
"node","book",0,2464,2464,"und",1,459
"node","book",0,2465,2465,"und",0,660
"node","book",0,2465,2465,"und",1,508
"node","book",0,2465,2465,"und",2,478
"node","book",0,2466,2466,"und",0,489
"node","book",0,2466,2466,"und",1,634
"node","book",0,2466,2466,"und",2,459
"node","book",0,2466,2466,"und",3,453
"node","book",0,2467,2467,"und",0,460
"node","book",0,2468,2468,"und",0,460
"node","book",0,2469,2469,"und",0,460
"node","book",0,2470,2470,"und",0,489
"node","book",0,2470,2470,"und",1,478
"node","book",0,2470,2470,"und",2,548
"node","book",0,2471,2471,"und",0,453
"node","book",0,2471,2471,"und",1,478
"node","book",0,2472,2472,"und",0,489
"node","book",0,2472,2472,"und",1,490
"node","book",0,2472,2472,"und",2,508
"node","book",0,2472,2472,"und",3,491
"node","book",0,2472,2472,"und",4,485
"node","book",0,2472,2472,"und",5,528
"node","book",0,2472,2472,"und",6,478
"node","book",0,2472,2472,"und",7,547
"node","book",0,2472,2472,"und",8,529
"node","book",0,2473,2473,"und",0,631
"node","book",0,2477,2477,"und",0,489
"node","book",0,2478,2478,"und",0,631
"node","book",0,2479,2479,"und",0,460
"node","book",0,2480,2480,"und",0,460
"node","book",0,2481,2481,"und",0,490
"node","book",0,2481,2481,"und",1,460
"node","book",0,2482,2482,"und",0,460
"node","book",0,2482,2482,"und",1,461
"node","book",0,2483,2483,"und",0,460
"node","book",0,2484,2484,"und",0,460
"node","book",0,2485,2485,"und",0,459
"node","book",0,2485,2485,"und",1,431
"node","book",0,2486,2486,"und",0,757
"node","book",0,2486,2486,"und",1,486
"node","book",0,2487,2487,"und",0,490
"node","book",0,2487,2487,"und",1,491
"node","book",0,2487,2487,"und",2,529
